#cliente,y_predict_dataframe
C_1,2
C_10,2
C_100,1
C_1000,1
C_1001,1
C_1002,0
C_1003,0
C_1004,1
C_1005,1
C_1006,1
C_1007,2
C_1008,2
C_1009,1
C_101,2
C_1010,1
C_1011,1
C_1012,2
C_1013,1
C_1014,1
C_1015,2
C_1016,1
C_1017,2
C_1018,2
C_1019,1
C_102,1
C_1020,1
C_1021,2
C_1022,1
C_1023,1
C_1024,2
C_1025,1
C_1026,2
C_1027,2
C_1028,2
C_1029,2
C_103,1
C_1030,2
C_1031,0
C_1032,1
C_1033,1
C_1034,1
C_1035,1
C_1036,2
C_1037,0
C_1038,1
C_1039,2
C_104,1
C_1040,2
C_1041,0
C_1042,1
C_1043,0
C_1044,2
C_1045,1
C_1046,1
C_1047,0
C_1048,2
C_1049,1
C_105,1
C_1050,1
C_1051,2
C_1052,1
C_1053,2
C_1054,1
C_1055,2
C_1056,2
C_1057,2
C_1058,2
C_1059,2
C_106,1
C_1060,2
C_1061,2
C_1062,1
C_1063,1
C_1064,0
C_1065,1
C_1066,2
C_1067,2
C_1068,2
C_1069,2
C_107,1
C_1070,1
C_1071,1
C_1072,1
C_1073,0
C_1074,1
C_1075,2
C_1076,2
C_1077,0
C_1078,1
C_1079,2
C_108,1
C_1080,2
C_1081,2
C_1082,2
C_1083,1
C_1084,2
C_1085,2
C_1086,2
C_1087,2
C_1088,2
C_1089,0
C_109,1
C_1090,1
C_1091,1
C_1092,1
C_1093,1
C_1094,1
C_1095,1
C_1096,2
C_1097,2
C_1098,1
C_1099,1
C_11,2
C_110,1
C_1100,1
C_1101,2
C_1102,1
C_1103,1
C_1104,0
C_1105,2
C_1106,1
C_1107,2
C_1108,1
C_1109,2
C_111,1
C_1110,2
C_1111,1
C_1112,2
C_1113,2
C_1114,0
C_1115,2
C_1116,2
C_1117,2
C_1118,2
C_1119,2
C_112,1
C_1120,2
C_1121,2
C_1122,2
C_1123,2
C_1124,2
C_1125,0
C_1126,1
C_1127,2
C_1128,1
C_1129,2
C_113,2
C_1130,1
C_1131,2
C_1132,2
C_1133,2
C_1134,1
C_1135,2
C_1136,2
C_1137,2
C_1138,2
C_1139,1
C_114,2
C_1140,1
C_1141,1
C_1142,2
C_1143,1
C_1144,1
C_1145,1
C_1146,2
C_1147,1
C_1148,2
C_1149,1
C_115,2
C_1150,2
C_1151,1
C_1152,2
C_1153,2
C_1154,1
C_1155,1
C_1156,2
C_1157,1
C_1158,2
C_1159,1
C_116,1
C_1160,1
C_1161,2
C_1162,1
C_1163,0
C_1164,1
C_1165,2
C_1166,1
C_1167,1
C_1168,0
C_1169,2
C_117,2
C_1170,1
C_1171,1
C_1172,1
C_1173,2
C_1174,0
C_1175,1
C_1176,1
C_1177,2
C_1178,2
C_1179,2
C_118,1
C_1180,1
C_1181,1
C_1182,1
C_1183,0
C_1184,1
C_1185,1
C_1186,0
C_1187,1
C_1188,0
C_1189,1
C_119,1
C_1190,2
C_1191,0
C_1192,2
C_1193,2
C_1194,2
C_1195,2
C_1196,2
C_1197,1
C_1198,1
C_1199,0
C_12,1
C_120,1
C_1200,1
C_1201,1
C_1202,2
C_1203,2
C_1204,1
C_1205,2
C_1206,2
C_1207,2
C_1208,1
C_1209,1
C_121,1
C_1210,2
C_1211,2
C_1212,0
C_1213,1
C_1214,2
C_1215,2
C_1216,2
C_1218,1
C_1219,1
C_122,1
C_1220,1
C_1221,2
C_1222,2
C_1223,2
C_1224,1
C_1225,2
C_1226,1
C_1227,1
C_1228,2
C_1229,1
C_123,1
C_1230,1
C_1231,2
C_1232,1
C_1233,2
C_1234,1
C_1235,1
C_1236,2
C_1237,1
C_1238,1
C_1239,1
C_124,2
C_1240,1
C_1241,2
C_1242,1
C_1243,0
C_1244,1
C_1245,2
C_1246,1
C_1247,2
C_1248,2
C_1249,0
C_125,1
C_1250,1
C_1251,2
C_1252,2
C_1253,0
C_1254,1
C_1255,1
C_1256,1
C_1257,1
C_1258,2
C_1259,1
C_126,1
C_1260,2
C_1261,1
C_1262,2
C_1263,2
C_1264,2
C_1265,2
C_1266,1
C_1267,2
C_1268,2
C_1269,1
C_127,2
C_1270,0
C_1271,0
C_1272,1
C_1273,2
C_1274,2
C_1275,0
C_1276,2
C_1277,2
C_1278,2
C_1279,2
C_128,0
C_1280,2
C_1281,2
C_1282,2
C_1283,1
C_1284,1
C_1285,2
C_1286,1
C_1287,2
C_1288,2
C_1289,1
C_129,1
C_1290,2
C_1291,1
C_1292,1
C_1293,0
C_1294,2
C_1295,2
C_1296,1
C_1297,0
C_1298,1
C_1299,1
C_13,2
C_130,1
C_1300,1
C_1301,1
C_1302,2
C_1303,1
C_1304,1
C_1305,2
C_1306,1
C_1307,1
C_1308,0
C_1309,0
C_131,1
C_1310,2
C_1311,2
C_1312,1
C_1313,0
C_1314,2
C_1315,2
C_1316,1
C_1317,0
C_1318,1
C_1319,2
C_132,1
C_1320,0
C_1321,2
C_1322,1
C_1323,1
C_1324,2
C_1325,1
C_1326,1
C_1327,2
C_1328,0
C_1329,2
C_133,0
C_1330,1
C_1331,1
C_1332,1
C_1333,1
C_1334,2
C_1335,2
C_1336,1
C_1337,2
C_1338,2
C_1339,2
C_134,2
C_1340,2
C_1341,1
C_1342,2
C_1343,1
C_1344,1
C_1345,1
C_1346,2
C_1347,2
C_1348,1
C_1349,1
C_135,1
C_1350,0
C_1351,2
C_1352,0
C_1353,0
C_1354,1
C_1355,0
C_1356,0
C_1357,1
C_1358,1
C_1359,1
C_136,2
C_1360,2
C_1361,2
C_1362,2
C_1363,1
C_1364,2
C_1365,2
C_1366,2
C_1367,2
C_1368,2
C_1369,1
C_137,1
C_1370,1
C_1371,2
C_1372,2
C_1373,1
C_1374,2
C_1375,2
C_1376,2
C_1377,1
C_1378,0
C_1379,2
C_138,2
C_1380,2
C_1381,0
C_1382,1
C_1383,2
C_1384,1
C_1385,2
C_1386,1
C_1387,1
C_1388,1
C_1389,1
C_139,0
C_1390,1
C_1391,1
C_1392,1
C_1393,2
C_1394,1
C_1395,1
C_1396,1
C_1397,2
C_1398,2
C_1399,2
C_14,2
C_140,1
C_1400,0
C_1401,1
C_1402,0
C_1403,2
C_1404,1
C_1405,2
C_1406,2
C_1407,1
C_1408,1
C_1409,0
C_141,2
C_1410,2
C_1411,1
C_1412,2
C_1413,0
C_1414,0
C_1415,1
C_1416,0
C_1417,1
C_1418,1
C_1419,1
C_142,1
C_1420,1
C_1421,1
C_1422,2
C_1423,1
C_1424,2
C_1425,2
C_1426,2
C_1427,0
C_1428,1
C_1429,1
C_143,1
C_1430,1
C_1431,1
C_1432,1
C_1433,2
C_1434,1
C_1435,2
C_1436,2
C_1437,1
C_1438,2
C_1439,1
C_144,2
C_1440,2
C_1441,2
C_1442,1
C_1443,2
C_1444,1
C_1445,2
C_1446,2
C_1447,1
C_1448,2
C_1449,2
C_145,1
C_1450,2
C_1451,1
C_1452,0
C_1453,2
C_1454,2
C_1455,2
C_1456,2
C_1457,1
C_1458,1
C_1459,1
C_146,2
C_1460,1
C_1461,2
C_1462,2
C_1463,2
C_1464,2
C_1465,2
C_1466,0
C_1467,1
C_1468,2
C_147,2
C_1470,2
C_1471,1
C_1472,2
C_1473,1
C_1474,1
C_1475,2
C_1476,2
C_1477,2
C_1478,1
C_1479,2
C_148,1
C_1480,2
C_1481,1
C_1482,1
C_1483,2
C_1484,1
C_1485,1
C_1486,1
C_1487,1
C_1488,2
C_1489,2
C_149,1
C_1490,1
C_1491,1
C_1492,1
C_1493,1
C_1494,2
C_1495,2
C_1496,2
C_1497,1
C_1498,2
C_1499,1
C_15,2
C_150,0
C_1500,1
C_1501,0
C_1502,1
C_1503,1
C_1504,2
C_1505,2
C_1506,2
C_1507,1
C_1508,1
C_1509,2
C_151,1
C_1510,1
C_1511,2
C_1512,1
C_1513,1
C_1514,2
C_1515,2
C_1516,1
C_1517,0
C_1518,1
C_1519,0
C_152,1
C_1520,2
C_1521,2
C_1522,1
C_1523,2
C_1524,1
C_1525,2
C_1526,1
C_1527,2
C_1528,0
C_1529,2
C_153,1
C_1530,1
C_1531,0
C_1532,2
C_1533,2
C_1534,1
C_1535,0
C_1536,1
C_1537,2
C_1538,2
C_1539,2
C_154,1
C_1540,1
C_1541,1
C_1542,2
C_1543,1
C_1544,1
C_1545,1
C_1546,2
C_1547,1
C_1548,2
C_1549,1
C_155,1
C_1550,2
C_1551,1
C_1552,1
C_1553,1
C_1554,2
C_1555,1
C_1556,0
C_1557,1
C_1558,1
C_1559,1
C_156,1
C_1560,1
C_1561,2
C_1562,2
C_1563,2
C_1564,2
C_1565,2
C_1566,1
C_1567,0
C_1568,1
C_1569,0
C_157,1
C_1570,1
C_1571,0
C_1572,1
C_1573,1
C_1574,1
C_1575,1
C_1576,2
C_1577,2
C_1578,2
C_1579,2
C_158,2
C_1580,0
C_1581,2
C_1582,1
C_1583,0
C_1584,1
C_1585,0
C_1586,0
C_1587,1
C_1588,2
C_1589,2
C_159,1
C_1590,0
C_1591,2
C_1592,1
C_1593,0
C_1594,2
C_1595,1
C_1596,2
C_1597,1
C_1598,2
C_1599,1
C_16,1
C_160,0
C_1600,0
C_1601,2
C_1602,2
C_1603,1
C_1604,0
C_1605,2
C_1606,1
C_1607,1
C_1608,2
C_1609,2
C_161,1
C_1610,2
C_1611,2
C_1612,1
C_1613,2
C_1614,0
C_1615,1
C_1616,2
C_1617,1
C_1618,2
C_1619,2
C_162,1
C_1620,1
C_1621,1
C_1622,2
C_1623,1
C_1624,1
C_1625,1
C_1626,2
C_1627,2
C_1628,0
C_1629,2
C_163,1
C_1630,2
C_1631,1
C_1632,1
C_1633,1
C_1634,1
C_1635,2
C_1636,2
C_1637,2
C_1638,2
C_1639,1
C_164,2
C_1640,1
C_1641,1
C_1642,1
C_1643,2
C_1644,1
C_1645,2
C_1646,2
C_1647,1
C_1648,1
C_1649,2
C_165,2
C_1650,0
C_1651,0
C_1652,0
C_1653,1
C_1654,1
C_1655,0
C_1656,0
C_1657,1
C_1658,1
C_1659,1
C_166,1
C_1660,1
C_1661,1
C_1662,0
C_1663,1
C_1664,2
C_1665,2
C_1666,2
C_1667,2
C_1668,2
C_1669,1
C_167,2
C_1670,2
C_1671,2
C_1672,2
C_1673,0
C_1674,0
C_1675,0
C_1676,1
C_1677,1
C_1678,1
C_1679,2
C_168,1
C_1680,2
C_1681,0
C_1682,0
C_1683,2
C_1684,2
C_1685,0
C_1686,1
C_1687,2
C_1688,1
C_1689,0
C_169,2
C_1690,1
C_1691,2
C_1692,0
C_1693,1
C_1694,1
C_1695,1
C_1696,1
C_1697,1
C_1698,1
C_1699,2
C_17,1
C_170,2
C_1700,1
C_1701,0
C_1702,1
C_1703,1
C_1704,2
C_1705,2
C_1706,1
C_1707,0
C_1708,2
C_1709,2
C_171,1
C_1710,0
C_1711,1
C_1712,2
C_1713,1
C_1714,1
C_1715,1
C_1716,2
C_1717,2
C_1718,2
C_1719,0
C_172,2
C_1720,2
C_1721,0
C_1722,2
C_1723,0
C_1724,1
C_1725,0
C_1726,1
C_1727,2
C_1728,1
C_1729,2
C_173,1
C_1730,2
C_1731,2
C_1732,1
C_1733,2
C_1734,2
C_1735,0
C_1736,0
C_1737,2
C_1738,0
C_1739,1
C_174,0
C_1740,1
C_1741,1
C_1742,0
C_1743,2
C_1744,2
C_1745,1
C_1746,0
C_1747,1
C_1748,1
C_1749,2
C_175,1
C_1750,2
C_1751,2
C_1752,0
C_1753,2
C_1754,1
C_1755,2
C_1756,2
C_1757,2
C_1758,2
C_1759,2
C_176,1
C_1760,1
C_1761,2
C_1762,0
C_1763,2
C_1764,2
C_1765,0
C_1766,2
C_1767,1
C_1768,0
C_1769,1
C_177,1
C_1770,2
C_1771,2
C_1772,2
C_1773,1
C_1774,1
C_1775,1
C_1776,2
C_1777,2
C_1778,2
C_1779,0
C_178,1
C_1780,2
C_1781,1
C_1782,2
C_1783,1
C_1784,1
C_1785,1
C_1786,1
C_1787,2
C_1788,1
C_1789,0
C_179,1
C_1790,2
C_1791,0
C_1792,1
C_1793,1
C_1794,1
C_1795,1
C_1796,2
C_1797,2
C_1798,2
C_1799,2
C_18,1
C_180,1
C_1800,1
C_1801,0
C_1802,1
C_1803,2
C_1804,0
C_1805,1
C_1806,1
C_1807,2
C_1808,1
C_1809,0
C_181,2
C_1810,0
C_1811,0
C_1812,0
C_1813,0
C_1814,2
C_1815,0
C_1816,2
C_1817,2
C_1818,1
C_1819,2
C_182,1
C_1820,0
C_1821,0
C_1822,0
C_1823,1
C_1824,0
C_1825,2
C_1826,1
C_1827,2
C_1828,2
C_1829,0
C_183,2
C_1830,1
C_1831,2
C_1832,1
C_1833,1
C_1834,1
C_1835,0
C_1836,2
C_1837,2
C_1838,2
C_1839,2
C_184,1
C_1840,1
C_1841,2
C_1842,1
C_1843,0
C_1844,2
C_1845,2
C_1846,2
C_1847,2
C_1848,1
C_1849,2
C_185,1
C_1850,1
C_1851,1
C_1852,2
C_1853,0
C_1854,0
C_1855,1
C_1856,2
C_1857,1
C_1858,2
C_1859,2
C_186,1
C_1860,1
C_1861,0
C_1862,2
C_1863,2
C_1864,1
C_1865,2
C_1866,2
C_1867,1
C_1868,2
C_1869,2
C_187,2
C_1870,1
C_1871,1
C_1872,1
C_1874,1
C_1875,0
C_1876,2
C_1877,2
C_1878,2
C_1879,1
C_188,1
C_1880,1
C_1881,2
C_1882,2
C_1883,1
C_1884,2
C_1885,0
C_1886,1
C_1887,1
C_1888,2
C_1889,1
C_189,2
C_1890,1
C_1891,2
C_1892,1
C_1893,1
C_1894,1
C_1895,1
C_1896,0
C_1897,1
C_1898,1
C_1899,2
C_19,2
C_190,1
C_1900,1
C_1901,1
C_1902,2
C_1903,0
C_1904,2
C_1905,1
C_1906,1
C_1907,1
C_1908,1
C_1909,0
C_191,2
C_1910,0
C_1911,2
C_1912,2
C_1913,1
C_1914,2
C_1915,1
C_1916,2
C_1917,1
C_1918,2
C_1919,0
C_192,1
C_1920,1
C_1921,1
C_1922,1
C_1923,0
C_1924,1
C_1925,1
C_1926,0
C_1927,1
C_1928,2
C_1929,1
C_193,1
C_1930,1
C_1931,1
C_1932,1
C_1933,1
C_1934,2
C_1935,2
C_1936,1
C_1937,2
C_1938,2
C_1939,1
C_194,1
C_1940,1
C_1941,2
C_1942,1
C_1943,2
C_1944,2
C_1945,2
C_1946,2
C_1947,1
C_1948,2
C_1949,1
C_195,1
C_1950,1
C_1951,2
C_1952,1
C_1953,2
C_1954,1
C_1955,0
C_1956,2
C_1957,1
C_1958,2
C_1959,2
C_196,1
C_1960,1
C_1961,2
C_1962,2
C_1963,1
C_1964,1
C_1965,1
C_1966,2
C_1967,0
C_1968,2
C_1969,2
C_197,1
C_1970,2
C_1971,0
C_1972,1
C_1973,1
C_1974,1
C_1975,1
C_1976,0
C_1977,1
C_1978,2
C_1979,1
C_198,1
C_1980,1
C_1981,2
C_1982,1
C_1983,1
C_1984,1
C_1985,2
C_1986,1
C_1987,1
C_1988,2
C_1989,1
C_199,1
C_1990,1
C_1991,1
C_1992,1
C_1993,0
C_1994,2
C_1995,1
C_1996,1
C_1997,1
C_1998,1
C_1999,0
C_2,0
C_20,0
C_200,1
C_2000,2
C_2001,1
C_2002,1
C_2003,2
C_2004,1
C_2005,1
C_2006,0
C_2007,2
C_2008,1
C_2009,2
C_201,2
C_2010,2
C_2011,2
C_2012,2
C_2013,2
C_2014,2
C_2015,2
C_2016,1
C_2017,1
C_2018,2
C_2019,2
C_202,1
C_2020,1
C_2021,2
C_2022,1
C_2023,1
C_2024,1
C_2025,1
C_2026,1
C_2027,0
C_2028,0
C_2029,1
C_203,2
C_2030,1
C_2031,1
C_2032,2
C_2033,2
C_2034,1
C_2035,2
C_2036,2
C_2037,2
C_2038,1
C_2039,0
C_204,2
C_2040,1
C_2041,2
C_2042,0
C_2043,0
C_2044,0
C_2045,2
C_2046,2
C_2047,2
C_2048,1
C_2049,0
C_205,1
C_2050,2
C_2051,2
C_2052,1
C_2053,1
C_2054,1
C_2055,1
C_2056,2
C_2057,1
C_2058,1
C_2059,1
C_206,1
C_2060,1
C_2061,1
C_2062,0
C_2063,0
C_2064,1
C_2065,2
C_2066,0
C_2067,0
C_2068,1
C_2069,1
C_207,2
C_2070,1
C_2071,2
C_2072,0
C_2073,1
C_2074,2
C_2075,2
C_2076,0
C_2077,2
C_2078,1
C_2079,1
C_208,2
C_2080,1
C_2081,2
C_2082,2
C_2083,1
C_2084,2
C_2085,1
C_2086,0
C_2087,2
C_2088,2
C_2089,2
C_209,1
C_2090,2
C_2091,0
C_2092,2
C_2093,2
C_2094,2
C_2095,0
C_2096,1
C_2097,2
C_2098,0
C_2099,0
C_21,1
C_210,2
C_2100,2
C_2101,2
C_2102,1
C_2103,2
C_2104,2
C_2105,2
C_2106,0
C_2107,1
C_2108,2
C_2109,2
C_211,1
C_2110,2
C_2111,1
C_2112,2
C_2113,1
C_2114,1
C_2115,2
C_2116,1
C_2117,2
C_2118,1
C_2119,1
C_212,1
C_2120,2
C_2121,2
C_2122,1
C_2123,1
C_2124,1
C_2125,2
C_2126,1
C_2127,1
C_2128,2
C_2129,2
C_213,2
C_2130,1
C_2131,1
C_2132,0
C_2133,2
C_2134,1
C_2135,2
C_2136,2
C_2137,0
C_2138,2
C_2139,2
C_214,2
C_2140,2
C_2141,2
C_2142,2
C_2143,1
C_2144,2
C_2145,0
C_2146,0
C_2147,1
C_2148,1
C_2149,0
C_215,2
C_2150,1
C_2151,1
C_2152,1
C_2153,1
C_2154,1
C_2155,2
C_2156,1
C_2157,1
C_2158,2
C_2159,0
C_216,1
C_2160,1
C_2161,0
C_2162,0
C_2163,1
C_2164,2
C_2165,2
C_2166,2
C_2167,0
C_2168,1
C_2169,0
C_217,0
C_2170,2
C_2171,2
C_2172,1
C_2173,1
C_2174,1
C_2175,0
C_2176,2
C_2177,1
C_2178,2
C_2179,2
C_218,2
C_2180,2
C_2181,2
C_2182,2
C_2183,2
C_2184,1
C_2185,1
C_2186,0
C_2187,1
C_2188,1
C_2189,1
C_219,1
C_2190,2
C_2191,1
C_2192,2
C_2193,2
C_2194,2
C_2195,0
C_2196,0
C_2197,1
C_2198,2
C_2199,2
C_22,1
C_220,1
C_2200,2
C_2201,1
C_2202,1
C_2203,2
C_2204,2
C_2205,1
C_2206,2
C_2207,2
C_2208,2
C_2209,0
C_221,1
C_2210,1
C_2211,0
C_2212,0
C_2213,1
C_2214,2
C_2215,2
C_2216,2
C_2217,2
C_2218,1
C_2219,1
C_222,2
C_2220,0
C_2221,2
C_2222,1
C_2223,1
C_2224,2
C_2225,2
C_2226,0
C_2227,2
C_2228,2
C_2229,0
C_223,2
C_2230,2
C_2231,0
C_2232,0
C_2233,1
C_2234,2
C_2235,0
C_2236,0
C_2237,2
C_2238,2
C_2239,2
C_224,0
C_2240,2
C_2242,1
C_2243,0
C_2244,2
C_2245,0
C_2246,1
C_2247,2
C_2248,2
C_2249,0
C_225,1
C_2250,1
C_2251,2
C_2252,2
C_2253,2
C_2254,0
C_2255,1
C_2256,2
C_2257,2
C_2258,0
C_2259,2
C_226,2
C_2260,2
C_2261,2
C_2262,2
C_2263,2
C_2264,2
C_2265,1
C_2266,1
C_2267,1
C_2268,2
C_2269,1
C_227,1
C_2270,2
C_2271,2
C_2272,0
C_2273,0
C_2274,2
C_2275,0
C_2276,2
C_2277,1
C_2278,2
C_2279,1
C_228,0
C_2280,2
C_2281,1
C_2282,2
C_2283,1
C_2284,1
C_2285,1
C_2286,1
C_2287,2
C_2288,2
C_2289,2
C_229,1
C_2290,1
C_2291,1
C_2292,1
C_2293,1
C_2294,2
C_2295,0
C_2296,2
C_2297,0
C_2298,2
C_2299,2
C_23,2
C_230,1
C_2300,0
C_2301,2
C_2302,1
C_2303,0
C_2304,1
C_2305,1
C_2306,2
C_2307,1
C_2308,2
C_2309,2
C_231,1
C_2310,1
C_2311,1
C_2312,0
C_2313,2
C_2314,2
C_2315,1
C_2316,1
C_2317,1
C_2318,1
C_2319,2
C_232,1
C_2320,0
C_2321,1
C_2322,1
C_2323,2
C_2324,1
C_2325,1
C_2326,0
C_2327,1
C_2328,0
C_2329,1
C_233,1
C_2330,2
C_2331,1
C_2332,2
C_2333,0
C_2334,1
C_2335,1
C_2336,0
C_2337,2
C_2338,2
C_2339,2
C_234,2
C_2340,2
C_2341,1
C_2342,1
C_2343,1
C_2344,2
C_2345,1
C_2346,2
C_2347,2
C_2348,2
C_2349,2
C_235,2
C_2350,2
C_2351,2
C_2352,2
C_2353,2
C_2354,1
C_2355,2
C_2356,2
C_2357,2
C_2358,0
C_2359,1
C_236,2
C_2360,1
C_2361,0
C_2362,2
C_2363,1
C_2364,0
C_2365,0
C_2366,0
C_2367,2
C_2368,0
C_2369,2
C_237,1
C_2370,2
C_2371,1
C_2372,1
C_2373,0
C_2374,2
C_2375,2
C_2376,1
C_2377,1
C_2378,2
C_2379,2
C_238,1
C_2380,2
C_2381,1
C_2382,0
C_2383,0
C_2384,2
C_2385,1
C_2386,0
C_2387,2
C_2388,1
C_2389,1
C_239,1
C_2390,2
C_2391,1
C_2392,1
C_2393,2
C_2394,1
C_2395,0
C_2396,0
C_2397,2
C_2398,0
C_2399,2
C_24,2
C_240,1
C_2400,1
C_2401,2
C_2402,1
C_2403,1
C_2404,1
C_2405,1
C_2406,1
C_2407,2
C_2408,2
C_241,1
C_2410,1
C_2411,1
C_2412,2
C_2413,2
C_2414,1
C_2415,2
C_2416,2
C_2417,0
C_2418,1
C_2419,2
C_242,1
C_2420,0
C_2421,2
C_2422,1
C_2423,0
C_2424,2
C_2425,2
C_2426,1
C_2427,0
C_2428,0
C_2429,1
C_243,1
C_2430,2
C_2431,1
C_2432,2
C_2433,0
C_2434,2
C_2435,2
C_2436,2
C_2437,1
C_2438,1
C_2439,1
C_244,0
C_2440,1
C_2441,1
C_2442,1
C_2443,2
C_2444,2
C_2445,2
C_2446,0
C_2447,1
C_2448,2
C_2449,2
C_245,0
C_2450,1
C_2451,2
C_2452,2
C_2453,1
C_2454,1
C_2455,0
C_2456,0
C_2457,0
C_2458,2
C_2459,2
C_246,2
C_2460,0
C_2461,2
C_2462,1
C_2463,0
C_2464,1
C_2465,2
C_2466,0
C_2467,0
C_2468,1
C_2469,2
C_247,1
C_2470,2
C_2471,1
C_2472,1
C_2473,2
C_2474,2
C_2475,2
C_2476,2
C_2477,1
C_2478,2
C_2479,0
C_248,1
C_2480,0
C_2481,0
C_2482,1
C_2483,1
C_2484,2
C_2485,0
C_2486,2
C_2487,1
C_2488,2
C_2489,0
C_249,2
C_2490,2
C_2491,0
C_2492,2
C_2493,2
C_2494,0
C_2495,1
C_2496,2
C_2497,1
C_2498,1
C_2499,2
C_25,1
C_250,0
C_2500,0
C_2501,2
C_2502,2
C_2503,0
C_2504,1
C_2505,1
C_2506,2
C_2507,1
C_2508,2
C_2509,1
C_251,1
C_2510,2
C_2511,2
C_2512,1
C_2513,2
C_2514,1
C_2515,2
C_2516,1
C_2517,1
C_2518,2
C_2519,0
C_252,1
C_2520,1
C_2521,2
C_2522,2
C_2523,0
C_2524,1
C_2525,0
C_2526,1
C_2527,1
C_2528,0
C_2529,0
C_253,0
C_2530,1
C_2531,1
C_2532,0
C_2533,2
C_2534,2
C_2535,2
C_2537,0
C_2538,2
C_2539,2
C_254,1
C_2540,2
C_2541,0
C_2542,1
C_2543,1
C_2544,0
C_2545,2
C_2546,1
C_2547,1
C_2548,0
C_2549,0
C_255,1
C_2550,1
C_2551,2
C_2552,2
C_2553,1
C_2554,1
C_2555,2
C_2556,2
C_2557,0
C_2558,2
C_2559,1
C_256,1
C_2560,1
C_2561,1
C_2562,0
C_2563,2
C_2564,1
C_2565,0
C_2566,2
C_2567,0
C_2568,0
C_2569,2
C_257,1
C_2570,2
C_2571,2
C_2572,1
C_2573,2
C_2574,1
C_2575,2
C_2576,0
C_2577,1
C_2578,2
C_2579,2
C_258,1
C_2580,1
C_2581,2
C_2582,1
C_2583,0
C_2584,2
C_2585,2
C_2586,2
C_2587,0
C_2588,0
C_2589,1
C_259,2
C_2590,0
C_2591,0
C_2592,0
C_2593,0
C_2594,2
C_2595,0
C_2596,2
C_2597,1
C_2598,0
C_2599,0
C_26,1
C_260,0
C_2600,1
C_2601,0
C_2602,2
C_2603,2
C_2604,2
C_2605,2
C_2606,1
C_2607,0
C_2608,2
C_2609,2
C_261,1
C_2610,1
C_2611,2
C_2612,2
C_2613,0
C_2614,2
C_2615,2
C_2616,2
C_2617,2
C_2618,2
C_2619,2
C_262,2
C_2620,2
C_2621,2
C_2622,1
C_2623,0
C_2624,2
C_2625,1
C_2626,2
C_2627,1
C_2628,2
C_2629,0
C_263,0
C_2630,1
C_2631,1
C_2632,0
C_2633,0
C_2634,2
C_2635,2
C_2636,2
C_2637,1
C_2638,1
C_2639,1
C_264,1
C_2640,1
C_2641,2
C_2642,1
C_2643,2
C_2644,0
C_2645,0
C_2646,1
C_2647,1
C_2648,2
C_2649,2
C_265,1
C_2650,0
C_2651,2
C_2652,2
C_2653,0
C_2654,2
C_2655,2
C_2656,2
C_2657,2
C_2658,0
C_2659,1
C_266,1
C_2660,2
C_2661,0
C_2662,2
C_2663,0
C_2664,2
C_2665,2
C_2666,0
C_2667,2
C_2668,2
C_2669,1
C_267,2
C_2670,2
C_2671,2
C_2672,2
C_2673,0
C_2674,0
C_2675,1
C_2676,0
C_2677,1
C_2678,1
C_2679,2
C_268,1
C_2680,0
C_2681,2
C_2682,2
C_2683,2
C_2684,2
C_2685,2
C_2686,1
C_2687,2
C_2688,2
C_2689,2
C_269,2
C_2690,0
C_2691,2
C_2692,2
C_2693,0
C_2694,0
C_2695,1
C_2696,2
C_2697,1
C_2698,2
C_2699,0
C_27,0
C_270,1
C_2700,2
C_2701,0
C_2702,2
C_2703,2
C_2704,1
C_2705,2
C_2706,1
C_2707,2
C_2708,0
C_2709,2
C_271,2
C_2710,2
C_2711,2
C_2712,1
C_2713,2
C_2714,1
C_2715,2
C_2716,1
C_2717,0
C_2718,0
C_2719,1
C_272,1
C_2720,1
C_2721,1
C_2722,1
C_2723,2
C_2724,2
C_2725,0
C_2726,1
C_2727,1
C_2728,2
C_2729,1
C_273,1
C_2730,0
C_2731,1
C_2732,0
C_2733,1
C_2734,1
C_2735,1
C_2736,0
C_2737,1
C_2738,1
C_2739,1
C_274,0
C_2740,2
C_2741,1
C_2742,0
C_2743,1
C_2744,1
C_2745,2
C_2746,0
C_2747,0
C_2748,1
C_2749,0
C_275,1
C_2750,1
C_2751,2
C_2752,2
C_2753,0
C_2754,1
C_2755,0
C_2756,0
C_2757,2
C_2758,0
C_2759,2
C_276,0
C_2760,2
C_2761,1
C_2762,1
C_2763,2
C_2764,2
C_2765,2
C_2766,0
C_2767,1
C_2768,1
C_2769,2
C_277,2
C_2770,1
C_2771,0
C_2772,1
C_2773,0
C_2774,2
C_2775,2
C_2776,0
C_2777,0
C_2778,0
C_2779,1
C_278,2
C_2780,2
C_2781,0
C_2782,2
C_2783,1
C_2784,0
C_2785,1
C_2786,1
C_2787,2
C_2788,1
C_2789,2
C_279,1
C_2790,2
C_2791,0
C_2792,0
C_2793,0
C_2794,2
C_2795,1
C_2796,2
C_2797,2
C_2798,1
C_2799,2
C_28,2
C_280,2
C_2800,0
C_2801,2
C_2802,2
C_2803,0
C_2804,0
C_2805,2
C_2806,2
C_2807,2
C_2808,2
C_2809,2
C_281,1
C_2810,2
C_2811,1
C_2812,0
C_2813,1
C_2814,1
C_2815,0
C_2816,0
C_2817,1
C_2818,1
C_2819,0
C_282,1
C_2820,0
C_2821,2
C_2822,2
C_2823,2
C_2824,2
C_2825,2
C_2826,2
C_2827,2
C_2828,2
C_2829,0
C_283,1
C_2830,0
C_2831,2
C_2832,1
C_2833,0
C_2834,2
C_2835,2
C_2836,2
C_2837,0
C_2838,2
C_2839,2
C_284,1
C_2840,1
C_2841,2
C_2842,2
C_2843,1
C_2844,2
C_2845,0
C_2846,0
C_2847,2
C_2848,1
C_2849,1
C_285,1
C_2850,2
C_2851,0
C_2852,0
C_2853,1
C_2854,2
C_2855,1
C_2856,2
C_2857,2
C_2858,1
C_2859,2
C_286,1
C_2860,2
C_2861,1
C_2862,0
C_2863,0
C_2864,0
C_2865,0
C_2866,0
C_2867,2
C_2868,1
C_2869,1
C_287,1
C_2870,1
C_2871,2
C_2872,2
C_2873,1
C_2874,2
C_2875,0
C_2876,0
C_2877,0
C_2878,2
C_2879,2
C_288,1
C_2880,1
C_2881,0
C_2882,0
C_2883,2
C_2884,1
C_2885,0
C_2886,0
C_2887,2
C_2888,2
C_2889,2
C_289,1
C_2890,0
C_2891,1
C_2892,1
C_2893,0
C_2894,0
C_2895,0
C_2896,2
C_2897,2
C_2898,1
C_2899,1
C_29,1
C_290,1
C_2900,0
C_2901,2
C_2902,1
C_2903,2
C_2904,1
C_2905,2
C_2906,2
C_2907,2
C_2908,0
C_2909,2
C_291,1
C_2910,2
C_2911,0
C_2912,0
C_2913,0
C_2914,2
C_2915,0
C_2916,0
C_2917,2
C_2918,1
C_2919,2
C_292,1
C_2920,0
C_2921,0
C_2922,0
C_2923,2
C_2924,0
C_2925,2
C_2926,0
C_2927,2
C_2928,0
C_2929,1
C_293,1
C_2930,0
C_2931,2
C_2932,1
C_2933,2
C_2934,2
C_2935,0
C_2936,0
C_2937,0
C_2938,1
C_2939,2
C_294,1
C_2940,0
C_2941,1
C_2942,2
C_2943,0
C_2944,1
C_2945,1
C_2946,1
C_2947,0
C_2948,0
C_2949,0
C_295,1
C_2950,0
C_2951,2
C_2952,0
C_2953,0
C_2954,0
C_2955,2
C_2956,2
C_2957,0
C_2958,2
C_2959,1
C_296,2
C_2960,0
C_2961,1
C_2962,0
C_2963,2
C_2964,2
C_2965,2
C_2966,0
C_2967,2
C_2968,0
C_2969,2
C_297,2
C_2970,2
C_2971,1
C_2972,1
C_2973,1
C_2974,1
C_2975,2
C_2976,0
C_2977,2
C_2978,1
C_2979,0
C_298,1
C_2980,0
C_2981,2
C_2982,1
C_2983,0
C_2984,2
C_2985,0
C_2986,2
C_2987,0
C_2988,2
C_2989,2
C_299,1
C_2990,2
C_2991,1
C_2992,0
C_2993,2
C_2994,0
C_2995,2
C_2996,1
C_2997,2
C_2998,0
C_2999,0
C_3,2
C_30,0
C_300,2
C_3000,2
C_3001,0
C_3002,2
C_3003,0
C_3004,2
C_3005,2
C_3006,0
C_3007,0
C_3008,0
C_3009,0
C_301,1
C_3010,1
C_3011,2
C_3012,0
C_3013,1
C_3014,1
C_3015,2
C_3016,1
C_3017,1
C_3018,0
C_3019,1
C_302,1
C_3020,1
C_3021,2
C_3022,2
C_3023,2
C_3024,2
C_3025,2
C_3026,2
C_3027,1
C_3028,2
C_3029,2
C_303,1
C_3030,2
C_3031,2
C_3032,1
C_3033,2
C_3034,2
C_3035,2
C_3036,0
C_3037,2
C_3038,2
C_3039,2
C_304,1
C_3040,2
C_3041,2
C_3042,1
C_3043,0
C_3044,2
C_3045,2
C_3046,1
C_3047,0
C_3048,1
C_3049,2
C_305,1
C_3050,0
C_3051,1
C_3052,2
C_3053,2
C_3054,2
C_3055,2
C_3056,0
C_3057,0
C_3058,0
C_3059,0
C_306,0
C_3060,0
C_3061,1
C_3062,0
C_3063,1
C_3064,2
C_3065,0
C_3066,0
C_3067,0
C_3068,0
C_3069,2
C_307,2
C_3070,2
C_3071,2
C_3072,1
C_3073,2
C_3074,0
C_3075,1
C_3076,1
C_3077,1
C_3078,2
C_3079,0
C_308,0
C_3080,1
C_3081,2
C_3082,0
C_3083,0
C_3084,0
C_3085,2
C_3086,0
C_3087,2
C_3088,2
C_3089,0
C_309,1
C_3090,2
C_3091,2
C_3092,2
C_3093,0
C_3094,1
C_3095,1
C_3096,2
C_3097,0
C_3098,2
C_3099,1
C_31,1
C_310,0
C_3100,0
C_3101,2
C_3102,0
C_3103,1
C_3104,1
C_3105,0
C_3106,0
C_3107,1
C_3108,2
C_3109,1
C_311,1
C_3110,1
C_3111,2
C_3112,2
C_3113,1
C_3114,2
C_3115,1
C_3116,2
C_3117,0
C_3118,0
C_3119,2
C_312,2
C_3120,0
C_3121,2
C_3122,2
C_3123,1
C_3124,1
C_3125,2
C_3126,2
C_3127,1
C_3128,2
C_3129,2
C_313,2
C_3130,1
C_3131,2
C_3132,2
C_3133,0
C_3134,0
C_3135,1
C_3136,2
C_3137,2
C_3138,2
C_3139,2
C_314,2
C_3140,0
C_3141,2
C_3142,2
C_3143,2
C_3144,0
C_3145,2
C_3146,1
C_3147,2
C_3148,2
C_3149,2
C_315,1
C_3150,0
C_3151,0
C_3152,2
C_3153,0
C_3154,0
C_3155,1
C_3156,0
C_3157,2
C_3158,2
C_3159,2
C_316,2
C_3160,1
C_3161,2
C_3162,0
C_3163,2
C_3164,2
C_3165,2
C_3166,2
C_3167,2
C_3168,1
C_3169,0
C_317,1
C_3170,2
C_3171,2
C_3172,0
C_3173,2
C_3174,2
C_3175,1
C_3176,0
C_3177,0
C_3178,1
C_3179,2
C_318,2
C_3180,0
C_3181,2
C_3182,2
C_3183,0
C_3184,1
C_3185,0
C_3186,1
C_3187,0
C_3188,0
C_3189,2
C_319,1
C_3190,0
C_3191,2
C_3192,2
C_3193,0
C_3194,0
C_3195,2
C_3196,1
C_3197,1
C_3198,0
C_3199,1
C_32,1
C_320,1
C_3200,2
C_3201,2
C_3202,1
C_3203,0
C_3204,2
C_3205,2
C_3206,2
C_3207,0
C_3208,0
C_3209,0
C_321,1
C_3210,2
C_3211,0
C_3212,2
C_3213,2
C_3214,2
C_3215,2
C_3216,2
C_3217,2
C_3218,2
C_3219,1
C_322,2
C_3220,0
C_3221,2
C_3222,2
C_3223,0
C_3224,0
C_3225,2
C_3226,2
C_3227,2
C_3228,1
C_3229,1
C_323,2
C_3230,1
C_3231,2
C_3232,0
C_3233,2
C_3234,2
C_3235,2
C_3236,2
C_3237,0
C_3238,1
C_3239,2
C_324,2
C_3240,0
C_3241,0
C_3242,1
C_3243,2
C_3244,2
C_3245,0
C_3246,2
C_3247,1
C_3248,1
C_3249,2
C_325,1
C_3250,2
C_3251,2
C_3252,0
C_3253,2
C_3254,0
C_3255,2
C_3256,1
C_3257,1
C_3258,0
C_3259,1
C_326,1
C_3260,1
C_3261,1
C_3262,1
C_3263,2
C_3264,0
C_3265,1
C_3266,2
C_3267,2
C_3268,2
C_3269,0
C_327,0
C_3270,1
C_3271,2
C_3272,0
C_3273,1
C_3274,1
C_3275,2
C_3276,2
C_3277,1
C_3278,1
C_3279,1
C_328,1
C_3280,1
C_3281,2
C_3282,2
C_3283,2
C_3284,2
C_3285,2
C_3286,2
C_3287,2
C_3288,2
C_3289,1
C_329,1
C_3290,0
C_3291,1
C_3292,2
C_3293,1
C_3294,1
C_3296,2
C_3297,1
C_3298,2
C_3299,1
C_33,1
C_330,1
C_3300,0
C_3301,2
C_3302,1
C_3303,2
C_3304,0
C_3305,2
C_3306,2
C_3307,2
C_3308,1
C_3309,2
C_331,2
C_3310,1
C_3311,1
C_3312,2
C_3313,1
C_3314,2
C_3315,2
C_3316,1
C_3317,0
C_3318,2
C_3319,0
C_332,2
C_3320,2
C_3321,1
C_3322,0
C_3323,0
C_3324,0
C_3325,2
C_3326,0
C_3327,1
C_3328,0
C_3329,2
C_333,1
C_3330,2
C_3331,2
C_3332,2
C_3333,2
C_3334,2
C_3335,2
C_3336,2
C_3337,2
C_3338,2
C_3339,1
C_334,2
C_3340,1
C_3341,2
C_3342,0
C_3343,0
C_3344,2
C_3345,1
C_3346,1
C_3347,0
C_3348,1
C_3349,2
C_335,2
C_3350,0
C_3351,0
C_3352,2
C_3353,2
C_3354,1
C_3355,2
C_3356,2
C_3357,0
C_3358,0
C_3359,0
C_336,1
C_3360,2
C_3361,0
C_3362,2
C_3363,0
C_3364,0
C_3365,0
C_3366,2
C_3367,2
C_3368,1
C_3369,2
C_337,1
C_3370,2
C_3371,2
C_3372,0
C_3373,2
C_3374,2
C_3375,0
C_3376,2
C_3377,2
C_3378,0
C_3379,1
C_338,1
C_3380,0
C_3381,2
C_3382,0
C_3383,1
C_3384,2
C_3385,2
C_3386,2
C_3387,0
C_3388,0
C_3389,0
C_339,1
C_3390,2
C_3391,2
C_3392,0
C_3393,1
C_3394,2
C_3395,2
C_3396,0
C_3397,1
C_3398,2
C_3399,2
C_34,2
C_340,2
C_3400,0
C_3401,2
C_3402,2
C_3403,0
C_3404,0
C_3405,2
C_3406,2
C_3407,2
C_3408,1
C_3409,1
C_341,2
C_3410,1
C_3411,2
C_3412,2
C_3413,0
C_3414,1
C_3415,0
C_3416,1
C_3417,2
C_3418,0
C_3419,2
C_342,1
C_3420,2
C_3421,0
C_3422,1
C_3423,0
C_3424,2
C_3425,2
C_3426,2
C_3427,2
C_3428,2
C_3429,2
C_343,1
C_3430,2
C_3431,2
C_3432,0
C_3433,0
C_3434,0
C_3435,2
C_3436,0
C_3437,1
C_3438,2
C_3439,1
C_344,1
C_3440,0
C_3441,1
C_3442,2
C_3443,0
C_3444,1
C_3445,0
C_3446,1
C_3447,0
C_3448,0
C_3449,0
C_345,0
C_3450,2
C_3451,1
C_3452,2
C_3453,2
C_3454,2
C_3455,1
C_3456,1
C_3457,1
C_3458,1
C_3459,2
C_346,2
C_3460,0
C_3461,2
C_3462,0
C_3463,0
C_3464,1
C_3465,0
C_3466,0
C_3467,1
C_3468,2
C_3469,0
C_347,2
C_3470,2
C_3471,2
C_3472,2
C_3473,2
C_3474,0
C_3475,0
C_3476,2
C_3477,2
C_3478,0
C_3479,0
C_348,2
C_3480,2
C_3481,2
C_3482,2
C_3483,0
C_3484,2
C_3485,1
C_3486,0
C_3487,2
C_3488,0
C_3489,1
C_349,1
C_3490,2
C_3491,2
C_3492,0
C_3493,0
C_3494,0
C_3495,0
C_3496,0
C_3497,0
C_3498,1
C_3499,0
C_35,1
C_350,2
C_3500,2
C_3501,2
C_3502,1
C_3503,0
C_3504,2
C_3505,2
C_3506,0
C_3507,2
C_3508,2
C_3509,1
C_351,1
C_3510,1
C_3511,2
C_3512,0
C_3513,2
C_3514,1
C_3515,2
C_3516,1
C_3517,2
C_3518,0
C_3519,2
C_352,2
C_3520,1
C_3521,2
C_3522,1
C_3523,1
C_3524,2
C_3525,0
C_3526,2
C_3527,1
C_3528,2
C_3529,0
C_353,1
C_3530,2
C_3531,2
C_3532,2
C_3533,2
C_3534,0
C_3535,1
C_3536,2
C_3537,0
C_3538,1
C_3539,0
C_354,2
C_3540,0
C_3541,1
C_3542,2
C_3543,1
C_3544,2
C_3545,2
C_3546,2
C_3547,0
C_3548,2
C_3549,0
C_355,1
C_3550,2
C_3551,2
C_3552,2
C_3553,1
C_3554,2
C_3555,1
C_3556,1
C_3557,2
C_3558,0
C_3559,2
C_356,2
C_3560,2
C_3561,1
C_3562,0
C_3563,2
C_3564,2
C_3565,1
C_3566,2
C_3567,2
C_3568,2
C_3569,2
C_357,2
C_3570,0
C_3571,1
C_3572,2
C_3573,0
C_3574,2
C_3575,1
C_3576,1
C_3577,2
C_3578,2
C_3579,2
C_358,1
C_3580,0
C_3581,2
C_3582,0
C_3583,0
C_3584,2
C_3585,0
C_3586,2
C_3587,0
C_3588,1
C_3589,2
C_359,2
C_3590,1
C_3591,2
C_3592,2
C_3593,2
C_3594,2
C_3595,2
C_3596,0
C_3597,2
C_3598,1
C_3599,2
C_36,0
C_360,1
C_3600,0
C_3601,2
C_3602,0
C_3603,2
C_3604,2
C_3605,2
C_3606,2
C_3607,0
C_3608,0
C_3609,0
C_361,1
C_3610,0
C_3611,2
C_3612,0
C_3613,0
C_3614,2
C_3615,0
C_3616,2
C_3617,0
C_3618,0
C_3619,2
C_362,2
C_3620,0
C_3621,2
C_3622,1
C_3623,0
C_3624,2
C_3625,1
C_3626,1
C_3627,0
C_3628,1
C_3629,1
C_363,0
C_3630,2
C_3631,2
C_3632,2
C_3633,0
C_3634,2
C_3635,2
C_3636,2
C_3637,0
C_3638,2
C_3639,0
C_364,0
C_3640,2
C_3641,2
C_3642,2
C_3643,0
C_3644,0
C_3645,0
C_3646,2
C_3647,0
C_3648,1
C_3649,2
C_365,1
C_3650,2
C_3651,2
C_3652,1
C_3653,0
C_3654,2
C_3655,2
C_3656,0
C_3657,0
C_3658,2
C_3659,0
C_366,1
C_3660,1
C_3661,2
C_3662,2
C_3663,0
C_3664,2
C_3665,2
C_3666,2
C_3667,0
C_3668,2
C_3669,0
C_367,1
C_3670,2
C_3671,0
C_3672,0
C_3673,0
C_3674,0
C_3675,1
C_3676,2
C_3677,0
C_3678,0
C_3679,0
C_368,2
C_3680,2
C_3681,2
C_3682,0
C_3683,1
C_3684,2
C_3685,2
C_3686,2
C_3687,0
C_3688,0
C_3689,1
C_369,1
C_3690,2
C_3691,0
C_3692,2
C_3693,2
C_3694,0
C_3695,0
C_3696,0
C_3697,1
C_3698,2
C_3699,2
C_37,0
C_370,1
C_3700,2
C_3701,1
C_3702,2
C_3703,2
C_3704,1
C_3705,1
C_3706,1
C_3707,2
C_3708,1
C_3709,2
C_371,1
C_3710,2
C_3711,2
C_3712,2
C_3713,0
C_3714,2
C_3715,2
C_3716,2
C_3717,2
C_3718,0
C_3719,2
C_372,1
C_3720,1
C_3721,0
C_3722,1
C_3723,1
C_3724,0
C_3725,1
C_3726,0
C_3727,2
C_3728,2
C_3729,0
C_373,0
C_3730,1
C_3731,2
C_3732,1
C_3733,2
C_3734,0
C_3735,0
C_3736,0
C_3737,0
C_3738,0
C_3739,0
C_374,2
C_3740,1
C_3741,2
C_3742,1
C_3743,0
C_3744,2
C_3745,0
C_3746,0
C_3747,2
C_3748,0
C_3749,1
C_375,1
C_3750,0
C_3751,2
C_3752,0
C_3753,2
C_3754,1
C_3755,2
C_3756,2
C_3757,2
C_3758,2
C_3759,2
C_376,2
C_3760,1
C_3761,1
C_3762,0
C_3763,0
C_3764,1
C_3765,2
C_3766,0
C_3767,2
C_3768,0
C_3769,0
C_377,1
C_3770,2
C_3771,2
C_3772,0
C_3773,2
C_3774,2
C_3775,1
C_3776,1
C_3777,0
C_3778,2
C_3779,2
C_378,1
C_3780,0
C_3781,2
C_3782,0
C_3783,0
C_3784,2
C_3785,2
C_3786,1
C_3787,1
C_3788,1
C_3789,1
C_379,2
C_3790,0
C_3791,0
C_3792,2
C_3793,2
C_3794,2
C_3795,2
C_3796,1
C_3797,2
C_3798,2
C_3799,2
C_38,0
C_380,1
C_3800,2
C_3801,0
C_3802,1
C_3803,2
C_3804,2
C_3805,0
C_3806,2
C_3807,1
C_3808,0
C_3809,2
C_381,1
C_3810,1
C_3811,2
C_3812,2
C_3813,2
C_3814,2
C_3815,2
C_3816,2
C_3817,2
C_3818,0
C_3819,0
C_382,1
C_3820,2
C_3821,0
C_3822,2
C_3823,2
C_3824,0
C_3825,1
C_3826,0
C_3827,0
C_3828,2
C_3829,0
C_383,1
C_3830,2
C_3831,1
C_3832,2
C_3833,0
C_3834,0
C_3835,2
C_3836,1
C_3837,1
C_3838,2
C_3839,0
C_384,1
C_3840,0
C_3841,0
C_3842,0
C_3843,2
C_3844,0
C_3845,0
C_3846,0
C_3847,2
C_3848,2
C_3849,2
C_385,1
C_3850,2
C_3851,1
C_3852,1
C_3853,1
C_3854,2
C_3855,0
C_3856,2
C_3857,0
C_3858,0
C_3859,1
C_386,2
C_3860,0
C_3861,0
C_3862,2
C_3863,1
C_3864,2
C_3865,0
C_3866,0
C_3867,2
C_3868,2
C_3869,0
C_387,0
C_3870,0
C_3871,2
C_3872,2
C_3874,2
C_3875,2
C_3876,2
C_3877,0
C_3878,2
C_3879,0
C_388,1
C_3880,2
C_3881,0
C_3882,2
C_3883,1
C_3884,2
C_3885,1
C_3886,2
C_3887,1
C_3888,2
C_3889,2
C_389,0
C_3890,2
C_3891,2
C_3892,0
C_3893,0
C_3894,2
C_3895,2
C_3896,2
C_3897,2
C_3898,2
C_3899,2
C_39,1
C_390,1
C_3900,2
C_3901,2
C_3902,0
C_3903,2
C_3904,0
C_3905,2
C_3906,2
C_3907,2
C_3908,0
C_3909,2
C_391,2
C_3910,0
C_3911,1
C_3912,2
C_3913,0
C_3914,0
C_3915,2
C_3916,0
C_3917,0
C_3918,1
C_3919,2
C_392,1
C_3920,1
C_3921,2
C_3922,0
C_3923,2
C_3924,2
C_3925,0
C_3926,0
C_3927,1
C_3928,0
C_3929,2
C_393,2
C_3930,2
C_3931,0
C_3932,2
C_3933,2
C_3934,0
C_3935,0
C_3936,2
C_3937,2
C_3938,2
C_3939,2
C_394,1
C_3940,1
C_3941,0
C_3942,0
C_3943,2
C_3944,2
C_3945,2
C_3946,2
C_3947,1
C_3948,2
C_3949,2
C_395,2
C_3950,1
C_3951,1
C_3952,2
C_3953,2
C_3954,2
C_3955,1
C_3956,2
C_3957,2
C_3958,1
C_3959,0
C_396,1
C_3960,0
C_3961,0
C_3962,0
C_3963,0
C_3964,2
C_3965,1
C_3966,2
C_3967,2
C_3968,2
C_3969,1
C_397,1
C_3970,2
C_3971,2
C_3972,2
C_3973,2
C_3974,2
C_3975,2
C_3976,2
C_3977,0
C_3978,0
C_3979,1
C_398,0
C_3980,2
C_3981,1
C_3982,2
C_3983,0
C_3984,0
C_3985,2
C_3986,0
C_3987,0
C_3988,0
C_3989,0
C_399,1
C_3990,2
C_3991,1
C_3992,2
C_3993,0
C_3994,2
C_3995,0
C_3996,2
C_3997,2
C_3998,0
C_3999,2
C_4,2
C_40,1
C_400,2
C_4000,2
C_4001,2
C_4002,0
C_4003,2
C_4004,2
C_4005,0
C_4006,0
C_4007,1
C_4008,2
C_4009,1
C_401,2
C_4010,2
C_4011,1
C_4012,0
C_4013,0
C_4014,0
C_4015,2
C_4016,2
C_4017,1
C_4018,0
C_4019,0
C_402,2
C_4020,2
C_4021,2
C_4022,2
C_4023,2
C_4024,2
C_4025,2
C_4026,1
C_4027,0
C_4028,2
C_4029,1
C_403,0
C_4030,0
C_4031,0
C_4032,0
C_4033,2
C_4034,0
C_4035,0
C_4036,0
C_4037,0
C_4038,1
C_4039,2
C_404,1
C_4040,2
C_4041,2
C_4042,2
C_4043,0
C_4044,1
C_4045,2
C_4046,0
C_4047,0
C_4048,0
C_4049,2
C_405,1
C_4050,0
C_4051,0
C_4052,1
C_4053,0
C_4054,1
C_4055,2
C_4056,0
C_4057,2
C_4058,0
C_4059,0
C_406,0
C_4060,0
C_4061,1
C_4062,2
C_4063,2
C_4064,2
C_4065,0
C_4066,0
C_4067,0
C_4068,2
C_4069,1
C_407,1
C_4070,2
C_4071,0
C_4072,0
C_4073,2
C_4074,1
C_4075,2
C_4076,2
C_4077,1
C_4078,1
C_4079,0
C_408,2
C_4080,1
C_4081,2
C_4082,2
C_4083,2
C_4084,2
C_4085,2
C_4086,0
C_4087,0
C_4088,2
C_4089,0
C_409,2
C_4090,0
C_4091,2
C_4092,2
C_4093,0
C_4094,0
C_4095,1
C_4096,1
C_4097,1
C_4098,1
C_4099,1
C_41,2
C_410,1
C_4100,0
C_4101,2
C_4102,2
C_4103,0
C_4104,0
C_4105,0
C_4106,2
C_4107,0
C_4108,0
C_4109,2
C_411,1
C_4110,2
C_4111,2
C_4112,2
C_4113,2
C_4114,1
C_4115,0
C_4116,1
C_4117,2
C_4118,1
C_4119,2
C_412,1
C_4120,0
C_4121,0
C_4122,2
C_4123,1
C_4124,0
C_4125,2
C_4126,0
C_4127,0
C_4128,2
C_4129,0
C_413,2
C_4130,2
C_4131,0
C_4132,2
C_4133,2
C_4134,0
C_4135,0
C_4136,1
C_4137,0
C_4138,2
C_4139,0
C_414,1
C_4140,1
C_4141,2
C_4142,2
C_4143,2
C_4144,0
C_4145,0
C_4146,0
C_4147,0
C_4148,2
C_4149,1
C_415,2
C_4150,2
C_4151,2
C_4152,2
C_4153,0
C_4154,1
C_4155,2
C_4156,0
C_4157,0
C_4158,1
C_4159,2
C_416,1
C_4160,1
C_4161,0
C_4162,2
C_4163,1
C_4164,2
C_4165,2
C_4166,0
C_4167,0
C_4168,2
C_4169,2
C_417,1
C_4170,0
C_4171,0
C_4172,0
C_4173,0
C_4174,2
C_4175,2
C_4176,0
C_4177,2
C_4178,0
C_4179,2
C_418,1
C_4180,1
C_4181,1
C_4182,2
C_4183,2
C_4184,2
C_4185,0
C_4186,0
C_4187,2
C_4188,0
C_4189,0
C_419,1
C_4190,2
C_4191,1
C_4192,2
C_4193,2
C_4194,0
C_4195,0
C_4196,0
C_4197,2
C_4198,2
C_4199,2
C_42,1
C_420,2
C_4200,0
C_4201,0
C_4202,0
C_4203,2
C_4204,2
C_4205,1
C_4206,1
C_4207,2
C_4208,0
C_4209,0
C_421,0
C_4210,2
C_4211,0
C_4212,0
C_4213,1
C_4214,2
C_4215,2
C_4216,2
C_4217,2
C_4218,1
C_4219,2
C_422,0
C_4220,2
C_4221,2
C_4222,2
C_4223,0
C_4224,2
C_4225,1
C_4226,2
C_4227,2
C_4228,1
C_4229,0
C_423,0
C_4230,0
C_4231,2
C_4232,0
C_4233,2
C_4234,0
C_4235,2
C_4236,2
C_4237,2
C_4238,2
C_4239,1
C_424,2
C_4240,2
C_4241,2
C_4242,2
C_4243,2
C_4244,0
C_4245,2
C_4246,2
C_4247,0
C_4248,0
C_4249,0
C_425,1
C_4250,0
C_4251,1
C_4252,1
C_4253,2
C_4254,2
C_4255,2
C_4256,1
C_4257,0
C_4258,2
C_4259,2
C_426,1
C_4260,2
C_4261,2
C_4262,0
C_4263,2
C_4264,2
C_4265,1
C_4266,2
C_4267,0
C_4268,2
C_4269,2
C_427,1
C_4270,0
C_4271,2
C_4272,0
C_4273,0
C_4274,2
C_4275,0
C_4276,2
C_4277,0
C_4278,0
C_4279,2
C_428,0
C_4280,2
C_4281,0
C_4282,2
C_4283,1
C_4284,2
C_4285,0
C_4286,0
C_4287,0
C_4288,0
C_4289,0
C_429,0
C_4290,2
C_4291,2
C_4292,0
C_4293,0
C_4294,0
C_4295,2
C_4296,2
C_4297,1
C_4298,2
C_4299,0
C_43,1
C_430,2
C_4300,0
C_4301,2
C_4302,0
C_4303,0
C_4304,2
C_4305,2
C_4306,0
C_4307,0
C_4308,1
C_4309,2
C_431,1
C_4310,2
C_4311,2
C_4312,2
C_4313,2
C_4314,2
C_4315,0
C_4316,1
C_4317,0
C_4318,0
C_4319,0
C_432,2
C_4320,1
C_4321,1
C_4322,0
C_4323,0
C_4324,0
C_4325,2
C_4326,2
C_4327,1
C_4328,2
C_4329,0
C_433,1
C_4330,2
C_4331,0
C_4332,1
C_4333,1
C_4334,2
C_4335,0
C_4336,0
C_4337,2
C_4338,2
C_4339,0
C_434,1
C_4340,0
C_4341,2
C_4342,0
C_4343,0
C_4344,0
C_4345,2
C_4346,0
C_4347,0
C_4348,2
C_4349,2
C_435,2
C_4350,0
C_4351,2
C_4352,2
C_4353,0
C_4354,1
C_4355,2
C_4356,2
C_4357,1
C_4358,1
C_4359,2
C_436,1
C_4360,2
C_4361,2
C_4362,2
C_4363,2
C_4364,2
C_4365,0
C_4366,0
C_4367,2
C_4368,0
C_4369,0
C_437,1
C_4370,2
C_4371,1
C_4372,1
C_4373,0
C_4374,2
C_4375,2
C_4376,0
C_4377,0
C_4378,0
C_4379,0
C_438,1
C_4380,2
C_4381,0
C_4382,1
C_4383,2
C_4384,0
C_4385,0
C_4386,1
C_4387,1
C_4388,0
C_4389,0
C_439,1
C_4390,2
C_4391,0
C_4392,1
C_4393,2
C_4394,2
C_4395,2
C_4396,2
C_4397,0
C_4398,2
C_4399,0
C_44,2
C_440,1
C_4400,0
C_4401,0
C_4402,2
C_4403,2
C_4404,0
C_4405,0
C_4406,2
C_4407,2
C_4408,1
C_4409,2
C_441,1
C_4410,2
C_4411,1
C_4412,2
C_4413,2
C_4414,0
C_4415,1
C_4416,0
C_4417,2
C_4418,2
C_4419,0
C_442,1
C_4420,0
C_4421,1
C_4422,2
C_4423,2
C_4424,2
C_4425,0
C_4426,0
C_4427,2
C_4428,1
C_4429,1
C_443,1
C_4430,0
C_4431,2
C_4432,0
C_4433,2
C_4434,0
C_4435,2
C_4436,0
C_4437,0
C_4438,2
C_4439,0
C_444,2
C_4440,0
C_4441,2
C_4442,2
C_4443,2
C_4444,2
C_4445,0
C_4446,2
C_4447,2
C_4448,0
C_4449,2
C_445,1
C_4450,2
C_4451,0
C_4452,2
C_4453,0
C_4454,0
C_4455,1
C_4456,1
C_4457,2
C_4458,2
C_4459,2
C_446,1
C_4460,1
C_4461,2
C_4462,0
C_4463,0
C_4464,0
C_4465,0
C_4466,0
C_4467,1
C_4468,2
C_4469,0
C_447,1
C_4470,2
C_4471,1
C_4472,2
C_4473,2
C_4474,2
C_4475,2
C_4476,2
C_4477,1
C_4478,1
C_4479,1
C_448,0
C_4480,2
C_4481,1
C_4482,2
C_4483,1
C_4484,0
C_4485,2
C_4486,0
C_4487,2
C_4488,2
C_4489,2
C_449,1
C_4490,2
C_4491,0
C_4492,2
C_4493,1
C_4494,1
C_4495,2
C_4496,2
C_4497,2
C_4498,2
C_4499,0
C_45,1
C_450,2
C_4500,0
C_4501,2
C_4502,2
C_4503,2
C_4504,2
C_4505,2
C_4506,2
C_4507,2
C_4508,1
C_4509,1
C_451,2
C_4510,2
C_4511,0
C_4512,2
C_4513,2
C_4514,2
C_4515,2
C_4516,2
C_4517,2
C_4518,2
C_4519,0
C_452,0
C_4520,2
C_4521,2
C_4522,0
C_4523,2
C_4524,0
C_4525,2
C_4526,2
C_4527,2
C_4528,1
C_4529,0
C_453,1
C_4530,2
C_4531,0
C_4532,2
C_4533,2
C_4534,0
C_4535,2
C_4536,2
C_4537,0
C_4538,2
C_4539,0
C_454,2
C_4540,0
C_4541,1
C_4542,2
C_4543,2
C_4544,2
C_4545,2
C_4546,2
C_4547,0
C_4548,2
C_4549,0
C_455,1
C_4550,0
C_4551,2
C_4552,0
C_4553,0
C_4554,2
C_4555,2
C_4556,1
C_4557,2
C_4558,1
C_4559,1
C_456,2
C_4560,0
C_4561,1
C_4562,1
C_4563,2
C_4564,0
C_4565,2
C_4566,2
C_4567,2
C_4568,1
C_4569,2
C_457,2
C_4570,0
C_4571,0
C_4572,1
C_4573,2
C_4574,0
C_4575,2
C_4576,1
C_4577,0
C_4578,0
C_4579,0
C_458,2
C_4580,0
C_4581,1
C_4582,1
C_4583,2
C_4584,2
C_4585,2
C_4586,2
C_4587,2
C_4588,1
C_4589,2
C_459,2
C_4590,2
C_4591,0
C_4592,1
C_4593,2
C_4594,2
C_4595,0
C_4596,2
C_4597,2
C_4598,2
C_4599,0
C_46,1
C_460,1
C_4600,2
C_4601,2
C_4602,2
C_4603,2
C_4604,2
C_4605,2
C_4606,0
C_4607,2
C_4608,2
C_4609,1
C_461,1
C_4610,1
C_4611,0
C_4612,1
C_4613,0
C_4614,1
C_4615,0
C_4616,0
C_4617,0
C_4618,0
C_4619,1
C_462,0
C_4620,0
C_4621,2
C_4622,0
C_4623,2
C_4624,1
C_4625,2
C_4626,0
C_4627,2
C_4628,2
C_4629,2
C_463,2
C_4630,0
C_4631,0
C_4632,2
C_4633,2
C_4634,2
C_4635,2
C_4636,1
C_4637,1
C_4638,2
C_4639,2
C_464,1
C_4640,2
C_4641,2
C_4642,2
C_4643,0
C_4644,0
C_4645,0
C_4646,0
C_4647,2
C_4648,1
C_4649,2
C_465,1
C_4650,0
C_4651,2
C_4652,2
C_4653,2
C_4654,0
C_4655,2
C_4656,0
C_4657,2
C_4658,2
C_4659,2
C_466,1
C_4660,2
C_4661,1
C_4662,2
C_4663,2
C_4664,0
C_4665,0
C_4666,2
C_4667,1
C_4668,0
C_4669,2
C_467,1
C_4670,0
C_4671,0
C_4672,2
C_4673,0
C_4674,0
C_4675,0
C_4676,1
C_4677,2
C_4678,1
C_4679,2
C_468,2
C_4680,0
C_4681,2
C_4682,0
C_4683,1
C_4684,2
C_4685,1
C_4686,2
C_4687,1
C_4688,0
C_4689,0
C_469,1
C_4690,0
C_4691,0
C_4692,0
C_4693,0
C_4694,2
C_4695,2
C_4696,0
C_4697,2
C_4698,0
C_4699,0
C_47,2
C_470,0
C_4700,2
C_4701,2
C_4702,1
C_4703,2
C_4704,2
C_4705,0
C_4706,2
C_4707,0
C_4708,2
C_4709,1
C_471,1
C_4710,2
C_4711,2
C_4712,2
C_4713,2
C_4714,1
C_4715,2
C_4716,1
C_4717,2
C_4718,0
C_4719,0
C_472,1
C_4720,0
C_4721,0
C_4722,2
C_4723,2
C_4724,0
C_4725,2
C_4726,2
C_4727,0
C_4728,0
C_4729,0
C_473,2
C_4730,0
C_4731,2
C_4732,2
C_4733,2
C_4734,2
C_4735,0
C_4736,1
C_4737,0
C_4738,0
C_4739,2
C_474,1
C_4740,2
C_4741,0
C_4742,2
C_4743,0
C_4744,1
C_4745,2
C_4746,2
C_4747,0
C_4748,2
C_4749,0
C_475,2
C_4750,0
C_4751,0
C_4752,0
C_4753,2
C_4754,0
C_4755,2
C_4756,0
C_4757,2
C_4758,0
C_4759,0
C_476,2
C_4760,0
C_4761,0
C_4762,0
C_4763,2
C_4764,0
C_4765,0
C_4766,2
C_4767,0
C_4768,2
C_4769,2
C_477,1
C_4770,0
C_4771,2
C_4772,2
C_4773,2
C_4774,0
C_4775,0
C_4776,2
C_4777,2
C_4778,2
C_4779,2
C_478,2
C_4780,2
C_4781,2
C_4782,0
C_4783,0
C_4784,0
C_4785,1
C_4786,0
C_4787,0
C_4789,2
C_479,2
C_4790,2
C_4791,2
C_4792,1
C_4793,1
C_4794,0
C_4795,2
C_4796,0
C_4797,1
C_4798,1
C_4799,2
C_48,1
C_480,1
C_4800,1
C_4801,0
C_4802,2
C_4803,2
C_4804,0
C_4805,1
C_4806,1
C_4807,0
C_4808,2
C_4809,0
C_481,2
C_4810,0
C_4811,0
C_4812,0
C_4813,0
C_4814,2
C_4815,0
C_4816,2
C_4817,0
C_4818,2
C_4819,2
C_482,1
C_4820,1
C_4821,2
C_4822,2
C_4823,2
C_4824,2
C_4825,1
C_4826,1
C_4827,2
C_4828,0
C_4829,0
C_483,2
C_4830,2
C_4831,2
C_4832,1
C_4833,0
C_4834,0
C_4835,2
C_4836,2
C_4837,2
C_4838,2
C_4839,0
C_484,1
C_4840,1
C_4841,2
C_4842,2
C_4843,0
C_4844,0
C_4845,2
C_4846,0
C_4847,2
C_4848,0
C_4849,0
C_485,1
C_4850,2
C_4851,1
C_4852,0
C_4853,0
C_4854,0
C_4855,0
C_4856,2
C_4857,0
C_4858,0
C_4859,0
C_486,1
C_4860,2
C_4861,0
C_4862,0
C_4863,0
C_4864,2
C_4865,2
C_4866,2
C_4867,2
C_4868,0
C_4869,0
C_487,0
C_4870,2
C_4871,2
C_4872,0
C_4873,2
C_4874,1
C_4875,0
C_4876,0
C_4877,2
C_4878,2
C_4879,0
C_488,1
C_4880,0
C_4881,2
C_4882,1
C_4883,1
C_4884,0
C_4885,2
C_4886,2
C_4887,0
C_4888,2
C_4889,1
C_489,1
C_4890,0
C_4891,1
C_4892,2
C_4893,2
C_4894,0
C_4895,0
C_4896,0
C_4897,2
C_4898,1
C_4899,2
C_49,1
C_490,1
C_4900,0
C_4901,2
C_4902,0
C_4903,2
C_4904,2
C_4905,2
C_4906,0
C_4907,2
C_4908,0
C_4909,0
C_491,2
C_4910,1
C_4911,0
C_4912,1
C_4913,2
C_4914,2
C_4915,2
C_4916,0
C_4917,0
C_4918,0
C_4919,2
C_492,2
C_4920,2
C_4921,2
C_4922,2
C_4923,0
C_4924,1
C_4925,1
C_4926,2
C_4927,0
C_4928,0
C_4929,2
C_493,1
C_4930,1
C_4931,2
C_4932,0
C_4933,0
C_4934,2
C_4935,2
C_4936,0
C_4937,2
C_4938,2
C_4939,2
C_494,1
C_4940,2
C_4941,0
C_4942,2
C_4943,2
C_4944,0
C_4945,0
C_4946,0
C_4947,2
C_4948,1
C_4949,0
C_495,2
C_4950,2
C_4951,1
C_4952,1
C_4953,2
C_4954,2
C_4955,0
C_4956,0
C_4957,2
C_4958,2
C_4959,2
C_496,1
C_4960,2
C_4961,2
C_4962,2
C_4963,2
C_4964,2
C_4965,2
C_4966,2
C_4967,2
C_4968,2
C_4969,2
C_497,2
C_4970,1
C_4971,2
C_4972,2
C_4973,1
C_4974,2
C_4975,0
C_4976,0
C_4977,0
C_4978,0
C_4979,2
C_498,2
C_4980,2
C_4981,2
C_4982,0
C_4983,2
C_4984,0
C_4985,0
C_4986,0
C_4987,0
C_4988,2
C_4989,2
C_499,1
C_4990,2
C_4991,0
C_4992,2
C_4993,2
C_4994,0
C_4995,0
C_4996,0
C_4997,1
C_4998,1
C_4999,0
C_5,2
C_50,1
C_500,1
C_5000,0
C_5001,0
C_5002,0
C_5003,0
C_5004,1
C_5005,0
C_5006,1
C_5007,2
C_5008,2
C_5009,0
C_501,0
C_5010,2
C_5011,0
C_5012,2
C_5013,1
C_5014,1
C_5015,2
C_5016,2
C_5017,0
C_5018,2
C_5019,0
C_502,2
C_5020,2
C_5021,1
C_5022,0
C_5023,2
C_5024,0
C_5025,0
C_5026,2
C_5027,2
C_5028,2
C_5029,2
C_5030,1
C_5031,2
C_5032,2
C_5033,2
C_5034,0
C_5035,1
C_5036,1
C_5037,0
C_5038,2
C_5039,0
C_504,1
C_5040,2
C_5041,0
C_5042,2
C_5043,1
C_5044,2
C_5045,1
C_5046,2
C_5047,2
C_5048,0
C_5049,2
C_505,1
C_5050,2
C_5051,2
C_5052,2
C_5053,2
C_5054,2
C_5055,2
C_5056,2
C_5057,0
C_5058,0
C_5059,2
C_506,2
C_5060,2
C_5061,0
C_5062,0
C_5063,2
C_5064,0
C_5065,1
C_5066,2
C_5067,1
C_5068,1
C_5069,0
C_507,2
C_5070,1
C_5071,2
C_5072,2
C_5073,2
C_5074,0
C_5075,0
C_5076,2
C_5077,0
C_5078,2
C_5079,2
C_508,2
C_5080,0
C_5081,0
C_5082,2
C_5083,0
C_5084,2
C_5085,2
C_5086,2
C_5087,2
C_5088,2
C_5089,1
C_509,2
C_5090,2
C_5091,0
C_5092,2
C_5093,2
C_5094,0
C_5095,0
C_5096,2
C_5097,2
C_5098,2
C_5099,2
C_51,1
C_510,2
C_5100,0
C_5101,0
C_5102,2
C_5103,0
C_5104,1
C_5105,2
C_5106,2
C_5107,0
C_5108,2
C_5109,2
C_511,1
C_5111,2
C_5112,0
C_5113,0
C_5114,2
C_5115,2
C_5116,2
C_5117,2
C_5118,0
C_5119,0
C_512,2
C_5120,0
C_5121,0
C_5122,0
C_5123,0
C_5124,2
C_5125,2
C_5126,2
C_5127,0
C_5128,0
C_5129,2
C_513,2
C_5130,2
C_5131,0
C_5132,2
C_5133,0
C_5134,0
C_5135,1
C_5136,2
C_5137,2
C_5138,0
C_5139,0
C_514,1
C_5140,2
C_5141,2
C_5142,1
C_5143,0
C_5144,2
C_5145,0
C_5146,2
C_5147,0
C_5148,2
C_5149,0
C_515,1
C_5150,2
C_5151,1
C_5152,0
C_5153,1
C_5154,2
C_5155,0
C_5156,0
C_5157,0
C_5158,2
C_5159,0
C_516,2
C_5160,0
C_5161,2
C_5162,2
C_5163,1
C_5164,2
C_5165,2
C_5166,0
C_5167,1
C_5168,1
C_5169,0
C_517,1
C_5170,2
C_5171,2
C_5172,2
C_5173,2
C_5174,1
C_5175,0
C_5176,2
C_5177,2
C_5178,0
C_5179,2
C_518,2
C_5180,2
C_5181,0
C_5182,0
C_5183,0
C_5184,0
C_5185,1
C_5186,2
C_5187,0
C_5188,0
C_5189,2
C_519,2
C_5190,2
C_5191,1
C_5192,0
C_5193,0
C_5194,0
C_5195,2
C_5196,2
C_5197,2
C_5198,0
C_5199,2
C_52,2
C_520,1
C_5200,2
C_5201,2
C_5202,2
C_5203,2
C_5204,1
C_5205,0
C_5206,0
C_5207,2
C_5208,2
C_5209,2
C_521,2
C_5210,0
C_5211,1
C_5212,1
C_5213,0
C_5214,2
C_5215,1
C_5216,2
C_5217,2
C_5218,0
C_5219,0
C_522,1
C_5220,0
C_5221,2
C_5222,2
C_5223,2
C_5224,0
C_5225,2
C_5226,0
C_5227,0
C_5228,2
C_5229,1
C_523,1
C_5230,1
C_5231,0
C_5232,0
C_5233,2
C_5234,1
C_5235,2
C_5236,2
C_5237,2
C_5238,2
C_5239,0
C_524,1
C_5240,0
C_5241,2
C_5242,0
C_5243,2
C_5244,2
C_5245,2
C_5246,0
C_5247,0
C_5248,1
C_5249,0
C_525,1
C_5250,2
C_5251,1
C_5252,0
C_5253,0
C_5254,1
C_5255,0
C_5256,0
C_5257,0
C_5258,2
C_5259,2
C_526,1
C_5260,0
C_5261,0
C_5262,2
C_5263,0
C_5264,2
C_5265,0
C_5266,2
C_5267,2
C_5268,0
C_5269,1
C_527,0
C_5270,0
C_5271,0
C_5272,0
C_5273,0
C_5274,2
C_5275,1
C_5276,2
C_5277,2
C_5278,0
C_5279,2
C_528,1
C_5280,0
C_5281,0
C_5282,0
C_5283,2
C_5284,2
C_5285,1
C_5286,0
C_5287,0
C_5288,0
C_5289,0
C_529,1
C_5290,2
C_5291,0
C_5292,0
C_5293,2
C_5294,2
C_5295,2
C_5296,2
C_5297,2
C_5298,2
C_5299,2
C_53,0
C_530,1
C_5300,0
C_5301,2
C_5302,2
C_5303,2
C_5304,0
C_5305,0
C_5306,0
C_5307,0
C_5308,0
C_5309,0
C_531,0
C_5310,0
C_5311,0
C_5312,0
C_5313,0
C_5314,2
C_5315,0
C_5316,1
C_5317,0
C_5318,2
C_5319,2
C_532,0
C_5320,2
C_5321,2
C_5322,0
C_5323,2
C_5324,2
C_5325,2
C_5326,0
C_5327,0
C_5328,2
C_5329,2
C_533,1
C_5330,0
C_5331,0
C_5332,0
C_5333,0
C_5334,2
C_5335,2
C_5336,0
C_5337,1
C_5338,2
C_5339,0
C_534,1
C_5340,0
C_5341,0
C_5342,0
C_5343,0
C_5344,0
C_5345,2
C_5346,2
C_5347,0
C_5348,1
C_5349,2
C_535,1
C_5350,0
C_5351,2
C_5352,2
C_5353,2
C_5354,0
C_5355,2
C_5356,0
C_5357,0
C_5358,2
C_5359,0
C_536,2
C_5360,2
C_5361,0
C_5362,2
C_5363,0
C_5364,2
C_5365,0
C_5366,0
C_5367,2
C_5368,2
C_5369,0
C_537,2
C_5370,2
C_5371,0
C_5372,2
C_5373,2
C_5374,2
C_5375,0
C_5376,0
C_5377,2
C_5378,0
C_5379,0
C_538,0
C_5380,0
C_5381,2
C_5382,2
C_5383,1
C_5384,0
C_5385,0
C_5386,0
C_5387,0
C_5388,2
C_5389,2
C_539,1
C_5390,0
C_5391,0
C_5392,2
C_5393,0
C_5394,0
C_5395,0
C_5396,2
C_5397,0
C_5398,2
C_5399,0
C_54,2
C_540,1
C_5400,2
C_5401,2
C_5402,0
C_5403,2
C_5404,0
C_5405,2
C_5406,0
C_5407,0
C_5408,0
C_5409,2
C_541,2
C_5410,0
C_5411,2
C_5412,0
C_5413,2
C_5414,2
C_5415,0
C_5416,0
C_5417,0
C_5418,2
C_5419,0
C_542,2
C_5420,0
C_5421,0
C_5422,0
C_5423,0
C_5424,2
C_5425,0
C_5426,2
C_5427,0
C_5428,2
C_5429,0
C_543,2
C_5430,0
C_5431,2
C_5432,0
C_5433,2
C_5434,2
C_5435,2
C_5436,0
C_5437,2
C_5438,0
C_5439,0
C_544,2
C_5440,0
C_5441,2
C_5442,0
C_5443,0
C_5444,0
C_5445,0
C_5446,0
C_5447,0
C_5448,2
C_5449,0
C_545,2
C_5450,0
C_5451,0
C_5452,2
C_5453,2
C_5454,0
C_5455,0
C_5456,0
C_5457,0
C_5458,1
C_5459,2
C_546,1
C_5460,2
C_5461,0
C_5462,0
C_5463,2
C_5464,0
C_5465,0
C_5466,0
C_5467,2
C_5468,2
C_5469,2
C_547,0
C_5470,0
C_5471,2
C_5472,0
C_5473,2
C_5474,2
C_5475,0
C_5476,0
C_5477,2
C_5478,2
C_5479,0
C_548,0
C_5480,0
C_5481,2
C_5482,2
C_5483,2
C_5484,2
C_5485,0
C_5486,2
C_5487,2
C_5488,0
C_5489,2
C_549,1
C_5490,0
C_5492,0
C_5493,0
C_5494,0
C_5495,2
C_5496,2
C_5497,0
C_5498,0
C_5499,0
C_55,1
C_550,2
C_5500,0
C_5501,2
C_5502,2
C_5503,2
C_5504,0
C_5505,2
C_5506,2
C_5507,0
C_5508,0
C_5509,0
C_551,1
C_5510,0
C_5511,0
C_5512,0
C_5513,0
C_5514,2
C_5515,1
C_5516,2
C_5517,2
C_5518,0
C_5519,0
C_552,1
C_5520,0
C_5521,2
C_5522,0
C_5523,0
C_5524,2
C_5525,0
C_5526,0
C_5527,0
C_5528,2
C_5529,0
C_553,1
C_5530,0
C_5531,0
C_5532,0
C_5533,0
C_5534,0
C_5535,2
C_5536,0
C_5537,2
C_5538,0
C_5539,2
C_554,1
C_5540,2
C_5541,0
C_5542,2
C_5543,0
C_5544,0
C_5545,0
C_5546,0
C_5547,0
C_5548,0
C_5549,0
C_555,1
C_5550,0
C_5551,2
C_5552,0
C_5553,1
C_5554,2
C_5555,0
C_5556,2
C_5557,2
C_5558,0
C_5559,2
C_556,2
C_5560,0
C_5561,1
C_5562,2
C_5563,0
C_5564,0
C_5565,2
C_5566,0
C_5567,0
C_5568,0
C_5569,2
C_557,1
C_5570,2
C_5571,2
C_5572,0
C_5573,2
C_5574,0
C_5575,0
C_5576,2
C_5577,0
C_5578,0
C_5579,2
C_558,2
C_5580,2
C_5581,0
C_5582,0
C_5583,2
C_5584,2
C_5585,2
C_5586,0
C_5587,0
C_5588,0
C_5589,0
C_559,1
C_5590,0
C_5591,2
C_5592,2
C_5593,0
C_5594,0
C_5595,0
C_5596,0
C_5597,0
C_5598,2
C_5599,2
C_56,1
C_560,1
C_5600,0
C_5601,0
C_5602,1
C_5603,1
C_5604,0
C_5605,0
C_5606,0
C_5607,1
C_5608,0
C_5609,2
C_561,0
C_5610,0
C_5611,0
C_5612,0
C_5613,0
C_5614,0
C_5615,2
C_5616,0
C_5617,0
C_5619,0
C_562,2
C_5620,0
C_5621,0
C_5622,0
C_5623,0
C_5624,0
C_5625,0
C_5626,0
C_5627,0
C_5628,2
C_5629,0
C_563,0
C_5630,0
C_5631,0
C_5632,2
C_5633,0
C_5634,0
C_5635,0
C_5636,2
C_5637,0
C_5638,1
C_5639,0
C_564,1
C_5640,0
C_5641,2
C_5642,2
C_5643,0
C_5644,0
C_5645,2
C_5646,2
C_5647,0
C_5648,0
C_5649,2
C_565,0
C_5650,0
C_5651,0
C_5652,1
C_5653,0
C_5654,0
C_5655,0
C_5656,0
C_5657,2
C_5658,0
C_5659,0
C_566,1
C_5660,2
C_5661,0
C_5662,2
C_5663,0
C_5664,2
C_5665,2
C_5666,2
C_5667,0
C_5668,2
C_5669,0
C_567,1
C_5670,0
C_5671,0
C_5672,0
C_5673,0
C_5674,0
C_5675,0
C_5676,0
C_5677,2
C_5678,0
C_5679,2
C_568,2
C_5680,1
C_5681,0
C_5682,2
C_5683,0
C_5684,0
C_5685,0
C_5686,2
C_5687,0
C_5688,0
C_5689,2
C_569,2
C_5690,2
C_5691,2
C_5692,0
C_5693,1
C_5694,2
C_5695,0
C_5696,0
C_5697,0
C_5698,0
C_5699,0
C_57,1
C_570,1
C_5700,0
C_5701,0
C_5702,2
C_5703,0
C_5704,2
C_5705,2
C_5706,0
C_5707,2
C_5708,2
C_5709,0
C_571,2
C_5710,0
C_5711,2
C_5712,0
C_5713,0
C_5714,0
C_5715,0
C_5716,0
C_5717,2
C_5718,2
C_5719,0
C_572,2
C_5720,0
C_5721,0
C_5722,0
C_5723,0
C_5724,0
C_5725,2
C_5726,0
C_5727,2
C_5728,0
C_5729,0
C_573,1
C_5730,2
C_5731,2
C_5732,0
C_5733,0
C_5734,2
C_5735,2
C_5736,2
C_5737,0
C_5738,2
C_5739,0
C_574,0
C_5740,1
C_5741,0
C_5742,0
C_5743,0
C_5744,0
C_5745,2
C_5746,0
C_5747,0
C_5748,2
C_5749,2
C_575,2
C_5750,0
C_5751,2
C_5752,0
C_5753,0
C_5754,0
C_5755,0
C_5756,0
C_5757,0
C_5758,0
C_5759,0
C_576,1
C_5760,2
C_5761,0
C_5762,2
C_5763,2
C_5764,0
C_5765,0
C_5766,0
C_5767,2
C_5768,0
C_5769,0
C_577,1
C_5770,2
C_5771,0
C_5772,0
C_5773,2
C_5774,0
C_5775,2
C_5776,0
C_5777,0
C_5778,0
C_5779,0
C_578,0
C_5780,0
C_5781,2
C_5782,2
C_5783,0
C_5784,2
C_5785,0
C_5786,0
C_5787,0
C_5788,0
C_5789,0
C_579,2
C_5790,0
C_5791,0
C_5792,0
C_5793,0
C_5794,0
C_5795,0
C_5796,2
C_5797,0
C_5798,0
C_5799,0
C_58,2
C_580,1
C_5800,0
C_5801,0
C_5802,0
C_5803,0
C_5804,0
C_5805,0
C_5806,0
C_5807,0
C_5808,2
C_5809,0
C_581,1
C_5810,1
C_5811,0
C_5812,0
C_5813,0
C_5814,0
C_5815,0
C_5816,2
C_5817,0
C_5818,0
C_5819,0
C_582,2
C_5820,0
C_5821,0
C_5822,2
C_5823,0
C_5824,0
C_5825,0
C_5826,0
C_5827,0
C_5828,0
C_5829,2
C_583,1
C_5830,0
C_5831,0
C_5832,0
C_5833,2
C_5834,2
C_5835,2
C_5836,2
C_5837,0
C_5838,2
C_5839,0
C_584,1
C_5840,0
C_5841,2
C_5842,0
C_5843,0
C_5844,0
C_5845,0
C_5846,2
C_5847,2
C_5848,0
C_5849,2
C_585,2
C_5850,0
C_5851,2
C_5852,0
C_5853,0
C_5854,1
C_5855,0
C_5856,0
C_5857,0
C_5858,2
C_5859,0
C_586,1
C_5860,2
C_5861,2
C_5862,0
C_5863,2
C_5864,0
C_5865,2
C_5866,0
C_5867,0
C_5868,2
C_5869,0
C_587,1
C_5870,0
C_5871,2
C_588,1
C_589,2
C_59,2
C_590,2
C_591,1
C_592,1
C_593,0
C_594,2
C_595,2
C_596,2
C_597,0
C_598,1
C_599,1
C_6,0
C_60,2
C_600,1
C_601,1
C_602,1
C_603,1
C_604,2
C_605,2
C_606,1
C_607,2
C_608,0
C_609,2
C_61,1
C_610,2
C_611,1
C_612,2
C_613,1
C_614,0
C_615,1
C_616,1
C_617,1
C_618,1
C_619,1
C_62,1
C_620,1
C_621,2
C_622,1
C_623,1
C_624,2
C_625,2
C_626,1
C_627,1
C_628,1
C_629,1
C_63,2
C_630,2
C_631,1
C_632,1
C_633,1
C_634,1
C_635,1
C_636,1
C_637,2
C_638,0
C_639,2
C_64,1
C_640,2
C_641,2
C_642,1
C_643,2
C_644,1
C_645,1
C_646,2
C_647,1
C_648,1
C_649,1
C_65,0
C_650,1
C_651,0
C_652,1
C_653,2
C_654,1
C_655,0
C_656,1
C_657,2
C_658,1
C_659,1
C_66,1
C_660,1
C_661,1
C_662,2
C_663,0
C_664,1
C_665,1
C_666,1
C_667,2
C_668,1
C_669,2
C_67,2
C_670,1
C_671,2
C_672,2
C_673,2
C_674,2
C_675,1
C_676,2
C_677,2
C_678,2
C_679,2
C_68,1
C_680,0
C_681,2
C_682,2
C_683,1
C_684,1
C_685,1
C_686,1
C_687,2
C_688,2
C_689,2
C_69,1
C_690,1
C_691,1
C_692,2
C_693,1
C_694,2
C_695,1
C_696,1
C_697,2
C_698,2
C_699,2
C_7,0
C_70,1
C_700,1
C_701,2
C_702,2
C_703,1
C_704,2
C_705,2
C_706,1
C_707,2
C_708,2
C_709,2
C_71,1
C_710,2
C_711,0
C_712,1
C_713,1
C_714,2
C_715,2
C_716,0
C_717,0
C_718,0
C_719,1
C_72,2
C_720,2
C_721,1
C_722,1
C_723,1
C_724,1
C_725,1
C_726,2
C_727,1
C_728,0
C_729,2
C_73,1
C_730,2
C_731,1
C_732,1
C_733,1
C_734,0
C_735,2
C_736,1
C_737,2
C_738,0
C_739,1
C_74,2
C_740,1
C_741,1
C_742,2
C_743,1
C_744,1
C_745,2
C_746,2
C_747,1
C_748,1
C_749,2
C_75,1
C_750,1
C_751,2
C_752,0
C_753,0
C_754,2
C_755,2
C_756,2
C_757,1
C_758,0
C_759,1
C_76,2
C_760,0
C_761,2
C_762,1
C_763,2
C_764,2
C_765,2
C_766,2
C_767,1
C_768,2
C_769,0
C_77,0
C_770,0
C_771,1
C_772,2
C_773,1
C_774,1
C_775,2
C_776,1
C_777,1
C_778,1
C_779,1
C_78,1
C_780,0
C_781,2
C_782,0
C_783,1
C_784,0
C_785,2
C_786,1
C_787,1
C_788,2
C_789,2
C_79,1
C_790,2
C_791,1
C_792,1
C_793,1
C_794,1
C_795,1
C_796,1
C_797,2
C_798,2
C_799,1
C_8,1
C_80,1
C_800,0
C_801,1
C_802,2
C_803,1
C_804,1
C_805,2
C_806,2
C_807,2
C_808,2
C_809,1
C_81,1
C_810,2
C_811,1
C_812,2
C_813,0
C_814,0
C_815,1
C_816,2
C_817,2
C_818,2
C_819,1
C_82,1
C_820,2
C_821,2
C_822,0
C_823,2
C_824,2
C_825,1
C_826,2
C_827,1
C_828,0
C_829,1
C_83,1
C_830,1
C_831,1
C_832,2
C_833,2
C_834,0
C_835,0
C_836,2
C_837,1
C_838,2
C_839,1
C_84,1
C_840,1
C_841,2
C_842,1
C_843,1
C_844,1
C_845,1
C_846,0
C_847,2
C_848,2
C_849,0
C_85,1
C_850,1
C_851,2
C_852,2
C_853,1
C_854,2
C_855,1
C_856,1
C_857,1
C_858,2
C_859,1
C_86,1
C_860,0
C_861,2
C_862,2
C_863,2
C_864,1
C_865,1
C_866,1
C_867,2
C_868,0
C_869,2
C_87,2
C_870,2
C_871,2
C_872,1
C_873,2
C_874,2
C_875,2
C_876,2
C_877,2
C_878,2
C_879,1
C_88,1
C_880,1
C_881,1
C_882,1
C_883,1
C_884,2
C_885,1
C_886,2
C_887,2
C_888,2
C_889,1
C_89,1
C_890,1
C_891,1
C_892,0
C_893,1
C_894,2
C_895,0
C_896,1
C_897,0
C_898,0
C_899,2
C_9,1
C_90,0
C_900,1
C_901,1
C_902,1
C_903,1
C_904,1
C_905,1
C_906,1
C_907,0
C_908,0
C_909,2
C_91,1
C_910,2
C_911,1
C_912,1
C_913,1
C_914,1
C_915,1
C_916,2
C_917,1
C_918,2
C_919,1
C_92,2
C_920,2
C_921,2
C_922,1
C_923,1
C_924,1
C_925,0
C_926,1
C_927,1
C_928,2
C_929,2
C_93,2
C_930,1
C_931,1
C_932,0
C_933,2
C_934,2
C_935,1
C_936,1
C_937,1
C_938,2
C_939,1
C_94,2
C_940,0
C_941,1
C_942,1
C_943,1
C_944,1
C_945,1
C_946,2
C_947,1
C_948,0
C_949,2
C_95,2
C_950,2
C_951,1
C_952,2
C_953,1
C_954,0
C_955,2
C_956,1
C_957,1
C_958,1
C_959,0
C_96,2
C_960,1
C_961,2
C_962,1
C_963,2
C_964,2
C_965,1
C_966,2
C_967,0
C_968,1
C_969,1
C_97,1
C_970,2
C_971,2
C_972,1
C_973,1
C_974,1
C_975,1
C_976,1
C_977,1
C_978,1
C_979,1
C_98,1
C_980,0
C_981,0
C_982,1
C_983,0
C_984,2
C_985,1
C_986,2
C_987,2
C_988,2
C_989,0
C_99,2
C_990,2
C_991,1
C_992,2
C_993,2
C_994,2
C_995,2
C_996,1
C_997,1
C_998,2
C_999,2
