,principal component 1,principal component 2,y_predict_dataframe
2,-3.880294787613008,2.0395506580630975,0
3,-2.8041731073972183,-0.5051813083675629,0
4,-1.2094801342164467,0.5530335289981171,0
7,-1.3254485848071822,0.9263742659528356,0
8,-1.3794232505021669,-0.9347587072119384,0
9,-1.2870248478018071,1.2690891000497966,0
11,-0.962971500537973,-0.9460577389205956,0
12,-5.020341632215083,-1.1443217557136158,0
14,-2.017908230117484,1.0229213408603162,0
15,-3.830384194762158,0.8637707754146494,0
16,-0.9615881259708043,-1.0344190547987435,0
17,-4.311392083502991,-0.8635113537060336,0
18,-2.312684436002718,0.2708088918352154,0
20,-3.988402423452504,-0.21464673831629683,0
23,-1.6209609970226986,-0.7634316359528693,0
24,-3.563363051038045,-0.5797256105357382,0
25,-1.8167755329992292,-0.6978264296490735,0
27,-1.419799244528754,0.3793352428052954,0
28,-1.9820794028126496,0.6198793522487982,0
30,-1.4120479446643988,-1.0031752530379274,0
35,-2.4758547422985955,1.1517447070281477,0
38,-1.408723233310379,0.5728545690912059,0
39,-2.116667989555948,0.6663947853023792,0
40,-2.787293705567631,-1.2044825345879164,0
41,-1.8480687774679028,0.37924936710411816,0
44,-2.7329954845414646,-1.065194086774346,0
46,-1.3654399256534362,-1.6556407829095658,0
49,-1.7674898271396717,0.5527053667153065,0
52,-2.582472782387626,0.38645258263826904,0
53,-1.4730389734088802,-0.9705173385609912,0
56,-1.1167868073918368,0.2398405559515087,0
57,-1.5215830919376656,-0.7883528751017438,0
58,-2.724200982050606,-1.2319001209191611,0
60,-1.9971627915360772,0.6229491719830521,0
62,-2.2820062309146962,-1.3528872478021832,0
68,-4.252487085818494,1.115584547001277,0
71,-2.1474705442666187,0.8801839064341774,0
72,-1.9308735869598823,0.7493697368271405,0
74,-2.995780783254497,0.09007640120547723,0
79,-1.5423750642006155,-0.159185844438448,0
80,-3.607064297074924,-1.397355004693901,0
81,-1.9386953075101099,-0.2862609930346592,0
82,-1.587711934203909,1.0403821900218435,0
84,-2.318850856734132,-1.2398630996142737,0
88,-2.1715102603608205,-0.39419960185764724,0
89,-1.0055943544358772,-0.4113059521408712,0
90,-3.39521025329623,0.4646361423738056,0
94,-1.9713850573861937,1.0055233813157403,0
101,-1.1812008034095869,-0.09543493389305956,0
102,-1.0662436231315902,-0.5576843816820286,0
103,-2.697146193857246,-0.1537684426129456,0
104,-1.6864963352883822,-0.6859847177065269,0
105,-2.2993546407928833,0.04617307362041806,0
106,-1.1098098551449425,0.6542007112688417,0
107,-2.6429127364629386,0.3790457980445825,0
110,-1.825940952617443,0.10083036288592229,0
111,-2.2141346443030256,0.7615313188928985,0
113,-2.849369463934084,0.1281298135859147,0
114,-1.5305667253314061,0.5187282859534692,0
116,-1.3936941028660044,-0.4604012614848713,0
117,-4.326176174030153,2.2094320807657293,0
120,-1.587727058355412,-1.5400680882942,0
122,-1.8376651446247547,-0.9066734849227677,0
124,-1.1770925725202595,-0.6306801099681952,0
126,-2.489081696820584,-0.11135972064952052,0
135,-2.495265997222665,-0.7900755185010718,0
142,-3.281765160818602,-0.2898221524803348,0
144,-1.4715814715713749,0.15810818635252938,0
147,-1.2975744967087814,-0.9958197336645038,0
151,-1.3408370190565084,-1.5561323771324256,0
156,-2.0981397592571254,-1.7892821313288299,0
158,-1.998938960894504,0.9420736586662012,0
159,-2.1660207184143716,-0.9823049096994902,0
161,-2.682097917650465,-0.13338897241432543,0
162,-1.2670654483210544,-0.7470332171857523,0
163,-1.4182667899778223,-1.1313907587677432,0
165,-2.421232675235667,-0.9673043784492877,0
167,-1.9013195030059078,0.5107161733828177,0
170,-1.422754549972987,-0.8055181434911263,0
173,-1.1954144256728751,-1.7581890290850994,0
174,-1.3185417911005022,-1.5006695745679335,0
176,-3.6583494052944907,0.4411446176215828,0
178,-3.0070717824594,0.361723744340287,0
179,-2.782300334271699,-0.8075906554764875,0
180,-1.9999951178596072,0.4669277826871777,0
182,-1.959952098089942,-0.7565620696915354,0
184,-2.099118627017221,-0.8121714771063439,0
186,-1.474740478009265,-0.8722238410544945,0
187,-1.2496356290345672,-1.5006397406518797,0
191,-3.1642075772675753,0.3656352873842022,0
192,-1.5939982504602987,0.7787553719793785,0
193,-1.9860811630423414,0.41835083805575785,0
196,-2.4532201393793027,0.5413964880794824,0
197,-1.9995359715885384,0.4207930344189582,0
201,-3.3853369362815533,0.9593211097963763,0
202,-1.3858985629933227,-0.30023783759971107,0
203,-3.707919268539675,0.6780061713453635,0
204,-1.7459264091809494,0.15534733471677967,0
206,-1.947598475582488,0.6057998619652233,0
207,-1.56085332676119,2.5006083224369973,0
209,-1.7887969586255519,-0.11434463147041175,0
211,-2.001193940908169,0.8901164413425855,0
212,-2.896873973412334,0.11246906365214768,0
218,-0.9573551266979502,-1.0349783871194298,0
220,-1.3305607724345045,0.1891992169313325,0
221,-1.9440386992580525,0.7602393624738041,0
223,-3.3034650266225105,-1.5529559303686846,0
224,-1.5790154332617239,-1.2817931786302732,0
225,-1.6374015219571467,0.05177837587548962,0
226,-2.7040508572497153,0.8716524003887706,0
229,-1.083877386493595,0.03649039905154917,0
233,-1.6795455212782744,0.23220950161670342,0
234,-2.93220347411207,1.1562437164692616,0
235,-1.1141218346398465,-0.9916425665678903,0
239,-2.093642920218055,-0.6810551478069669,0
243,-1.944134201652363,-0.502188084727956,0
244,-1.752564998406702,-0.3829513890365455,0
245,-1.974192380529948,-0.6072376869318503,0
246,-3.4367124145910215,-0.7723795481249557,0
250,-1.977245449802303,-0.22150422004355486,0
252,-1.376979300585796,-0.33592791324899984,0
253,-1.478204826464001,1.180671877460852,0
255,-1.9148781717668655,-0.8694366306970455,0
256,-2.357669407318674,-0.03468913754319426,0
257,-1.822615323720071,0.32937902223889287,0
259,-2.120549155422867,0.985221036784855,0
261,-1.8640601861128774,1.5300673223062948,0
262,-3.779868075298504,-1.0886246420695411,0
264,-2.439214946086954,-1.0021741525751897,0
265,-1.9558840377833775,1.1254653147519005,0
266,-2.4618688290835635,1.0889096886753333,0
268,-2.4590667645403137,1.087658137009477,0
270,-1.5773628683142895,0.6374272564501727,0
272,-2.3436945261144215,-1.3919882694455161,0
274,-1.9845461657365697,0.3610366713016638,0
278,-1.6957592326538988,1.1484677747952647,0
279,-1.3462041532991162,-0.40755175998380594,0
283,-2.137383947746032,-0.7711361367680793,0
284,-1.6564705301935911,0.3122629458253877,0
285,-2.3554553872331034,0.3270211851745685,0
286,-2.9643583511192357,0.34863519915182833,0
288,-2.659373709573595,1.1522529751492816,0
289,-1.6426384536901906,0.8147954769645731,0
291,-2.6794535370077446,1.019689436164858,0
295,-1.0175526431593123,-0.24082163159001174,0
296,-2.5754942638059433,-0.0940155753238192,0
299,-2.988738622135092,0.8301596393084278,0
303,-2.69976817596878,-0.43038628554399694,0
313,-1.0234380610690272,-0.34560425876426754,0
315,-1.2108196125890183,0.13919677494286267,0
316,-2.087938064913775,1.040559594737417,0
318,-1.8868313556009881,-1.1957006875759715,0
321,-2.6701565625004258,1.495355979701577,0
322,-2.8220161657901364,-0.741139910878181,0
324,-0.991169478662009,-1.6223457804466672,0
325,-2.0481292726395726,0.7292206937060974,0
329,-2.767649316800525,-1.2544670358143242,0
331,-1.3612784869787191,-0.21956359607681505,0
332,-2.2110367864460265,-0.2569859943251757,0
334,-3.633126230322968,-0.9079680324364474,0
335,-1.0202844867869951,-0.4504711573147685,0
336,-2.1408235650523735,-0.430678462005025,0
338,-3.6735766971501858,-0.31268123083040206,0
339,-2.6612716584268385,-0.40564350874011923,0
341,-3.1761610960801683,-0.8095591677396554,0
342,-1.8163784582509248,-0.2684068905959617,0
345,-3.1835110939012647,-1.6462239902377869,0
348,-1.8004588228507885,-0.43991264772784444,0
352,-2.0679024838017632,1.6228377494019577,0
354,-1.7455628563901917,-0.5585826782881277,0
356,-2.374871721887605,1.2970677508952968,0
359,-3.9181527635184783,-1.2603408087847947,0
360,-1.292106300394683,1.232916033042491,0
362,-1.658444816270033,0.7424918067388125,0
363,-1.294622664781216,0.15919765161936567,0
368,-2.0040332830457412,0.7762758080667603,0
369,-1.1427311115000243,-0.6291946737641156,0
370,-1.7483778855380923,-1.1741065230216425,0
371,-2.14545404385772,0.008569545968050039,0
374,-1.9563362730168954,1.7438886652154637,0
380,-2.6088376577520838,1.0977754047140005,0
382,-3.4306769213887334,-0.3645181274339733,0
383,-3.3072926281966435,0.763905529614667,0
384,-3.635362975162378,-0.12278804246453319,0
387,-1.8537226744842215,-0.24568378480476608,0
388,-2.491735840814566,0.8840937968630138,0
389,-3.1543725471786837,-0.2057298860000925,0
394,-1.6613754920359263,0.44352977475950084,0
397,-2.100880512737615,0.5038233726746284,0
398,-1.896396098960473,-1.362502370290789,0
399,-1.2025589485303378,-0.4287212390979759,0
400,-0.9154297953705034,-1.4864731408958323,0
404,-1.3767900753425486,0.2238120553792357,0
410,-1.5182479914437157,0.2770317594232618,0
411,-2.242825755192702,1.2915171204089966,0
412,-1.310590305646902,0.8203136769535385,0
415,-2.0682295112297755,0.12146706441231032,0
419,-2.4729404329980853,1.3472096202365755,0
425,-2.47693427828389,-0.21283676290952205,0
427,-1.3337079893404518,-1.1818977609125536,0
429,-1.835131785797537,-0.2008756342871152,0
430,-1.1502064090370376,0.44958204698947185,0
431,-1.07438610373332,0.2697057334920977,0
432,-2.454991630803876,0.1458529449508133,0
434,-2.778533227652257,0.10133056755176191,0
435,-1.0980021069734112,0.5516240922196786,0
436,-1.446285254124818,-0.8195151397837503,0
438,-2.352679525063018,-0.17626559021735005,0
439,-3.717701496777149,-0.2579468366525667,0
440,-2.8635128455030903,1.567882452965828,0
445,-2.0725373306602988,-1.4346705445987473,0
447,-1.4325125131768397,0.5363432072828196,0
450,-3.6037272002280134,-0.6110529006661234,0
453,-2.3499725845844206,0.11809583125888783,0
454,-1.3301060672551914,-1.8427799999261443,0
458,-1.106647092100985,-0.8126635228651211,0
462,-2.684216944101552,1.0709743869827415,0
464,-3.518636244013764,-1.532117591870892,0
465,-2.3379936742870386,-0.2825526974040725,0
466,-3.8609367574391054,0.20173889573962894,0
467,-1.7302114638688637,0.5243017110250571,0
468,-4.218907943522035,-0.23647809097617356,0
469,-3.000407247624549,-0.342551248108268,0
471,-1.418076699376108,-1.41345111164915,0
476,-2.485904711806937,-0.9233118113684909,0
477,-1.5514854028709846,0.7104705865427714,0
478,-1.6126340422772687,0.28114302943399466,0
479,-1.567086304047243,-0.5945111673023481,0
480,-3.208674006212095,1.1816886734761958,0
481,-2.6172244780355967,0.35127150374121485,0
483,-1.379890662459122,-0.8702308824624886,0
485,-1.1298957837441062,1.0803458215632211,0
486,-2.9534722201054366,1.5766190287652115,0
488,-2.6903862706318065,-0.5694016867442392,0
492,-3.815709558486983,3.061066550923939,0
494,-1.933486090144183,-0.8378278740141346,0
497,-2.4315555138659586,-0.48463818120545704,0
500,-1.581637569132252,0.7786095947845112,0
502,-1.2778599132406163,-0.2896193326053186,0
508,-2.1876692473171535,0.39164153651434924,0
509,-2.6299329527426107,0.09838777199475929,0
510,-2.7778777263935504,1.1807681127820289,0
512,-1.3275986229410153,0.9485304675313239,0
519,-1.411235941056082,-0.6929041643078535,0
523,-2.2859681728871766,0.64730869269782,0
525,-3.9774290125555845,0.21641465350565287,0
526,-1.9522026644494719,-1.2240522924739556,0
530,-1.35633562368013,-1.5869857970626953,0
532,-4.561932674206391,1.7001974729319826,0
534,-2.4078050697779476,0.21468568602367805,0
535,-2.071764721248966,0.5036016817852934,0
537,-1.9523329650761998,0.5270228459432126,0
538,-2.6355681987609803,1.3226671441926345,0
539,-2.0805856442322908,0.8605587127220455,0
540,-0.9697319495202319,-1.138799532700655,0
543,-2.4216705629988864,0.1690938569023404,0
544,-2.26554651295274,0.41135533043760325,0
545,-1.1750732922821414,0.9641633345161326,0
546,-2.6146448615682725,0.9779491502603999,0
547,-3.4830475604427105,0.1624742369479645,0
551,-2.803979237181077,0.5992174143337088,0
553,-1.4765968390086623,-0.24784850935596092,0
556,-1.7910717634141242,-0.3974217838073732,0
558,-1.7095821181154631,-1.5908237479495457,0
559,-1.559427018917097,-0.9086201759513133,0
563,-3.0832639050821973,1.384892990632092,0
564,-2.5079161578039466,0.1594156678230321,0
566,-1.6854383939056763,0.12650679061367393,0
567,-1.8600687810926426,-0.20085096182864773,0
569,-1.0955537584529293,-0.8278137791837229,0
570,-2.632509056192262,0.6877434063349567,0
573,-2.0411838433684206,-0.4076243394199747,0
575,-1.511247217290978,-0.4226098686759902,0
577,-1.8474787505359007,0.8900473746313607,0
578,-0.9652299218273371,-0.995450424437881,0
580,-2.131361238174381,0.9039636263376901,0
582,-1.5653397713297754,-1.5912404929525494,0
584,-1.4991677898533196,0.11135895422210648,0
588,-1.8357407802998353,0.887646027677969,0
589,-1.557526724049275,1.3529944619997845,0
593,-2.112816200591646,-0.6883669722600789,0
595,-1.0953996311816714,-0.75028642258666,0
599,-3.627424497661647,0.921363927606667,0
600,-1.2200067285790555,-0.274356089432193,0
601,-1.727056938386508,-0.7669238727812621,0
603,-1.6786069438304045,-0.13953103601691855,0
604,-1.2182192759373265,1.3367593016092651,0
605,-2.454150847885586,0.8666544358925855,0
607,-3.0774992488624107,-0.17292028901638226,0
609,-1.1330742944759395,0.6027706198927089,0
610,-2.77088819208779,0.3066552833492128,0
612,-1.0472596370591576,-0.38270410031642516,0
613,-1.117648076017677,-0.2014770596186767,0
614,-1.3548552241652954,-0.21481503139052094,0
616,-1.1502456980430724,0.15271890774169675,0
618,-1.823028581106703,-0.8272459596276346,0
619,-1.707687776364854,-0.4533550561242887,0
620,-1.0797089469217582,0.03202658838852858,0
621,-4.187328592941256,-1.2227002531788904,0
622,-2.768352848116362,0.6768558034777745,0
628,-1.818888166356647,-0.48405117450827423,0
630,-1.6931882647019652,-0.38306317481508484,0
632,-2.4404521317862695,-0.7703307721115532,0
633,-1.3924936618390604,0.20355292686947635,0
635,-1.3209876143539907,-0.3664399436880947,0
636,-1.5198605538212606,-0.5015910980215634,0
637,-1.287058109259217,1.397688144861675,0
638,-2.067535684364931,-1.0290370934992745,0
639,-0.9411181466980179,-0.900376963816052,0
646,-1.968555089657311,0.2376538078127852,0
648,-2.3094584168782912,-0.7730175985284944,0
651,-1.47009957843998,1.0897804220811091,0
654,-3.5210848138154627,-0.6038670656131224,0
657,-1.1073972815442126,-0.2800409096493611,0
660,-1.1325957526767558,0.8227148909361489,0
662,-4.1848649004701794,-0.31366274352275675,0
663,-1.0432104234546773,0.11314074415294922,0
664,-2.132286504818809,0.44790948638936096,0
665,-3.5405723494320758,-0.4509338526395183,0
668,-0.9453702169738383,-1.1098915183437579,0
670,-2.3710203001073054,-0.5309871506763644,0
673,-1.8566737563409261,-0.6801629577355797,0
674,-1.7547546753126149,-0.6829338401547483,0
677,-2.5547613087792773,-0.9121084780916745,0
680,-2.9694643573168777,0.2032545430862896,0
683,-3.253776393333512,2.67590157921696,0
685,-2.028591571524312,1.2088303147972776,0
688,-2.387948045827109,-0.5399884653820434,0
689,-1.2842516257339478,0.6035131845961651,0
690,-2.292502116702536,0.4969876850058818,0
692,-2.886831326480879,0.5836050210071045,0
693,-1.3406958859470826,-0.47649034119356487,0
694,-2.1468692118316253,-0.31784959005408575,0
699,-2.947129862056304,-0.5254974280874602,0
701,-3.7008577157110962,-0.26966153595394016,0
702,-1.1498401911424871,0.75814784894531,0
703,-2.6866916268709446,-0.6796647789550879,0
704,-1.4689629956500228,-0.8653775702057253,0
709,-1.376679150226098,-0.8928047263997035,0
711,-3.3065175037420502,-1.5603041897728496,0
712,-3.3703018057851253,-0.8090103195853146,0
713,-1.989269153759111,0.3920274771923677,0
715,-1.1712620748875509,-0.8684489282555822,0
718,-1.2723585121499306,0.7980616000191649,0
719,-1.666385976061476,2.465686203744287,0
725,-1.7711857459536808,-0.754944734515459,0
726,-3.161812833722633,-0.08182942329244859,0
729,-1.9464790498503957,0.1809174080140338,0
730,-1.7116849285118674,0.00662406505986679,0
731,-1.712725962470191,-0.29506944628324205,0
732,-1.7201746357513263,-1.5789830475121882,0
733,-2.080349481397661,-0.01882413765219003,0
734,-1.1318205936932033,-0.23149636012735544,0
736,-1.3595358234710029,-0.7542184677907884,0
742,-4.860007078441987,0.8426668221853565,0
744,-1.1588024654158395,1.7223733087809312,0
750,-2.47116173475712,0.7764504395476018,0
751,-1.7018870804860173,0.7249691427536116,0
752,-2.4147644404606616,1.7895626978711718,0
754,-1.7131170212809468,-0.37683160814896366,0
761,-2.107865848363845,1.357919681519665,0
763,-1.0553161407508445,-0.8032652804387163,0
766,-2.5798631093226514,-0.32434742866865,0
769,-1.4713181068669625,0.4212357013660689,0
770,-2.489592650213196,0.741781233021192,0
771,-2.1990350019075993,0.3954084908468264,0
772,-1.1058992126806744,-0.9196782565464967,0
773,-1.8513651796856103,-0.9124931158532753,0
774,-2.580339475438396,-0.5369038584288983,0
776,-1.9244102332002022,-0.14038615270948998,0
778,-1.7333733570208218,-0.28019087534770226,0
780,-1.5033904444073474,0.22621894344953855,0
781,-1.2348497117686268,-1.57022875535831,0
784,-2.590649713752098,0.6931505837107975,0
788,-1.370993301329771,0.6360021088965947,0
790,-1.6209602778401275,0.40748388521902834,0
792,-1.5287365519760177,-0.869390729143817,0
793,-3.189175058560686,-0.08535495568281634,0
794,-1.1845640053814304,-0.5449410923480845,0
797,-1.0322708971571004,-0.24025298911102805,0
804,-1.2424619479206676,-1.4325638004620038,0
806,-2.535593545507584,-0.04946212401508631,0
808,-1.268011198133313,-0.4007389825085056,0
810,-1.2473790348514209,0.11474101073837001,0
813,-1.1898317204652913,-1.099055795521745,0
820,-1.068635847478543,-0.5871727622973916,0
822,-2.3902859327685615,-0.8695045792986466,0
823,-2.909275150693958,-0.3927631745706281,0
827,-1.0854387709522504,-0.013989151259973768,0
829,-1.6654955407829426,0.3482352343038214,0
830,-2.7448641705307675,-0.16148294218244696,0
832,-2.8638647294150044,-0.6640615309524747,0
837,-1.8689963986727862,-0.6374732266391144,0
843,-3.0783435120389817,-0.060944573296344146,0
844,-1.0629456298882825,-0.6506769194557617,0
851,-3.786848477820128,-1.0665394124512895,0
853,-2.8637980341444167,-0.09298687677830254,0
854,-1.857349910621483,-1.0019434840961399,0
858,-1.0143477480748773,-0.6793022245925787,0
859,-1.9873825262572173,0.7482631369936191,0
860,-1.5389747906989673,-0.6214644731032407,0
865,-2.543244477188146,-1.0842877999733607,0
867,-1.3142508445672607,1.0459891450560108,0
869,-1.5996268083836178,0.7493773844831485,0
870,-3.0613649702910353,-1.2853095928462182,0
871,-2.9638827156290732,-0.5423826144302433,0
872,-1.842653729212121,0.6375286283030117,0
874,-1.2734423928453336,-0.5543170302610153,0
876,-3.4021772311485,-0.4571523507326508,0
879,-2.118647790734075,-0.3440702343156306,0
880,-1.5362760022398414,-1.0204890751814282,0
881,-2.81820485904949,-0.3673728594093717,0
882,-2.3031800846532433,0.9599825307686765,0
887,-1.0422885005496911,-1.497626880889702,0
888,-3.2323448931097656,-0.779908581568897,0
889,-3.5452234485733487,-1.3530586006583147,0
891,-2.0282707059206935,-0.05197315907127469,0
894,-3.942804574844803,0.7110595578025056,0
895,-1.435148043925535,-0.6342571349631677,0
897,-2.5027277647954995,0.6757536931885705,0
906,-1.0926037145131504,0.7999017773633343,0
908,-1.4884269903319616,-0.07447864127697078,0
910,-1.7969539063081224,0.6415688534888009,0
914,-1.5392683604659239,-0.6213333491675821,0
917,-2.408188833624446,-0.009032664662661137,0
922,-1.696135117299632,2.5514435759254686,0
924,-3.2707605275408556,-0.5103817252261933,0
925,-2.1030603671992916,-0.5464073707268569,0
926,-4.15324254367346,-0.11746844532332668,0
932,-2.824992752548911,-2.180522122033511,0
933,-2.2587141286384256,1.3930364856686606,0
935,-1.2699346842425845,-1.509749548732675,0
937,-0.9738900641027185,-0.4453298626381527,0
941,-1.2597306455545625,-0.4786854317358547,0
943,-2.1358367087370476,1.3599802554221692,0
944,-1.7272376014430604,-0.3866583696915308,0
945,-1.1380194054497437,-0.8152445146114736,0
949,-3.082889992076711,-0.6333400932305827,0
951,-1.6211481557354683,0.7758340575503199,0
954,-2.337040480180846,-1.125823806260719,0
955,-2.4368877260534623,0.14946931190281,0
959,-2.590659809765522,-0.6385707033691093,0
962,-1.871549978524494,-0.6402565620837293,0
966,-3.2987709644170122,-0.7304870526852278,0
967,-1.915113083504062,0.28335918159506157,0
968,-1.9663067096818503,1.0452743120317625,0
969,-1.2261119005522896,-0.25868800265724895,0
974,-3.145918644024747,1.6280460390105387,0
975,-1.7935214172912162,-0.9550097175716724,0
976,-2.58152028556052,-1.2541192063518318,0
979,-2.403630892124939,-0.5669762166076203,0
982,-1.0919892046116169,0.3822315105252579,0
983,-2.3302874541813505,-0.8940940436341712,0
985,-1.5873905450172132,1.2579528802005437,0
987,-1.3939844664784324,1.1927216184787413,0
989,-2.4472265717949497,-0.37368674117924805,0
990,-2.943433260908615,-0.43092437602586625,0
991,-1.7257479713594814,-0.3239601948838198,0
992,-2.1719267679434275,1.1021370698871151,0
994,-1.0742363430384227,-0.01103224869454758,0
995,-1.5755400694311257,1.1304725008462386,0
998,-4.100635580471085,0.8406705716207246,0
999,-2.7199999401832065,0.6617806540218076,0
1000,-1.9461295298951462,1.603359970896854,0
1003,-0.8550652288772055,-1.8838134434614169,0
1004,-1.555688043027146,-2.1639755558217426,0
1005,-1.982253658333477,-0.359049770189941,0
1006,-2.31552199357193,1.1096980045219538,0
1007,-1.9281452036747921,-1.322307549387349,0
1013,-2.188639883647372,-0.6019856158215489,0
1015,-4.905453083410807,-1.0478839992935653,0
1017,-1.4812660636414585,-0.6600008954619246,0
1020,-2.6310222983617066,1.2684266846265972,0
1021,-3.2271471978288315,-0.9019127110397547,0
1022,-1.3238070098483414,-0.22166535976900584,0
1023,-1.4927458512771503,0.9758397063237062,0
1025,-1.4158636505471243,1.0862131730176978,0
1026,-1.5701359433625122,0.5608045700323933,0
1028,-3.3381832275537127,0.8372923054083792,0
1030,-2.7220206842550505,0.6368029313452657,0
1031,-1.6342143889639709,0.6917870630345029,0
1032,-2.592725759255988,-1.4925112663915803,0
1033,-1.61024678176341,0.006941221272265201,0
1034,-1.5367521853569388,-0.14088399685743985,0
1035,-1.6757303712663443,-0.000619304554969986,0
1038,-3.4911164376399184,0.17846371525857596,0
1041,-3.7036309625046733,0.6285641418166152,0
1042,-2.4600144868936873,0.4458608866572403,0
1043,-1.5632761148987355,-1.3687409933963612,0
1045,-1.9274760807589226,0.6775797485729067,0
1050,-4.273613876395556,0.42706048481881925,0
1052,-2.827231557777325,0.4673586599080524,0
1053,-4.149206695061349,-0.5126247451467925,0
1054,-3.022136502599519,-0.05232632944966811,0
1056,-2.2158209891638903,0.6459479350707048,0
1058,-1.7130282800234096,-1.362880771663386,0
1061,-1.5791304260873564,-1.0456570805540015,0
1064,-3.3337462673457474,1.521919993500008,0
1065,-1.6171274234992712,-0.6575735951650962,0
1068,-1.7964817248932459,1.5280962395190798,0
1069,-1.7767919884497803,-0.2756535343654383,0
1070,-1.0959724809670883,0.2302336029511228,0
1075,-2.0406414323268085,0.44231772603583464,0
1078,-1.8485507824285716,-0.23622048808474394,0
1079,-3.527634802663365,0.8530603112189677,0
1080,-3.5285471023522685,0.7872875648102808,0
1081,-1.629179254518466,-0.8162854546297328,0
1083,-4.0883010845102445,0.8346710417467135,0
1085,-2.1826340346252744,0.5016308271015439,0
1086,-1.874683599680379,-0.12613963697748384,0
1087,-2.8672461359078074,-0.4919501906514878,0
1089,-3.0049222737752266,0.6727758975780654,0
1090,-2.494730574471339,-1.158268539608104,0
1091,-4.060832576291763,0.31778769533770845,0
1093,-1.5064979069814202,-0.013739085810004827,0
1094,-1.4430544343373515,0.7272357033058252,0
1096,-1.3621973985330935,-0.025331559625251368,0
1097,-3.029594016186875,0.7739626052453086,0
1098,-1.1060740633796131,-0.5661990868767995,0
1099,-2.346119225251723,-1.0882503756346873,0
1100,-2.312889535263569,-0.9547409854073001,0
1103,-2.307197596016253,-0.4429246783793486,0
1104,-3.659721346688488,1.1187471819597241,0
1105,-1.2983415039864574,1.179617414625693,0
1106,-1.9073646065546097,1.1806352582231836,0
1110,-1.5568821960053538,-0.5850575176127293,0
1112,-1.903949187606926,0.8179620524167948,0
1113,-1.0642995797152763,-1.5491460281325418,0
1115,-1.6211544000927334,-0.6125213576543042,0
1116,-2.1552138377607197,-0.5347630375460402,0
1119,-1.2901771566857991,0.5101996343070401,0
1128,-1.2571295954754669,0.5926443878743108,0
1129,-2.223004596017026,-1.6184459454327371,0
1132,-3.2025077518690144,-0.8487681929080331,0
1133,-1.5415683043269122,1.0585984315260841,0
1135,-1.5792681561225104,0.198716422510933,0
1136,-3.152089372366789,-0.7405438919105349,0
1137,-1.9091795111713892,0.584456139240281,0
1138,-1.3674727041639936,0.9003028740393403,0
1139,-1.994981071164323,0.6696605946449363,0
1142,-1.8823203458970506,0.9338280607981667,0
1144,-2.2476740409131652,0.9086132978083407,0
1145,-2.2449858558098628,0.9645007450432345,0
1148,-3.9689193831855474,0.9828407734164369,0
1152,-3.3176827627064194,0.23218723286178888,0
1155,-1.909076145344508,-0.20375260959392888,0
1163,-1.596867868210039,0.9299962108681835,0
1165,-4.39088850592294,0.9698789908151221,0
1168,-0.985255516612885,-1.3181585963198401,0
1169,-2.0138619483101485,0.1467388814369703,0
1170,-2.4206664483396794,0.27935718085476974,0
1171,-1.3606752581721202,-1.0637437083827648,0
1172,-1.0272957507469387,-0.2853518931326117,0
1173,-1.4101055379930258,0.3026348296401112,0
1174,-1.9554113817139744,-0.6272503307485296,0
1175,-4.5548625512466465,2.156809113362509,0
1176,-2.3978754291662994,-0.3040802429649916,0
1177,-2.6212497159932586,3.5667862333656792,0
1178,-2.1652768197542036,-0.9353996958003271,0
1181,-1.5148591221599546,0.7581632286537501,0
1185,-1.7590646244467922,-0.7461584965096828,0
1186,-1.0114517615917,-0.8718716436027159,0
1188,-3.293609543291989,0.278984753929681,0
1191,-1.4673154308080034,-1.2735026093775443,0
1196,-3.3819526452004585,1.250857209672039,0
1197,-3.906217632496358,3.3714386715607882,0
1199,-1.1878482025389325,0.735707779028488,0
1202,-1.5253470535598193,0.9842950577943973,0
1204,-1.791698077100638,-0.7478077822895868,0
1209,-1.4158010450256038,-0.3306700762970482,0
1216,-2.895464926749535,-0.35426650801591464,0
1220,-1.9812846815739877,0.7892113840003045,0
1224,-2.1505106165741665,0.6133295914530131,0
1229,-2.511968765107609,-0.6353693634434311,0
1232,-3.0708796164329164,-1.122399563847993,0
1234,-3.343457794813188,-0.6493882868910779,0
1236,-1.2775186171830484,-0.9676702070263128,0
1237,-1.3511200788205722,-0.7350847373160964,0
1239,-2.149791602624802,-0.488533556490136,0
1241,-1.2938550379350067,-0.4766515011491273,0
1242,-1.0072971377579458,-0.6864737989507461,0
1243,-2.4136640425716824,0.44623323016237165,0
1246,-1.8509017756420476,-1.5437536953378042,0
1247,-2.0008327500901104,-0.4380121302269698,0
1248,-1.3798484600334493,-1.7751723440417226,0
1250,-2.4973199464755718,-0.7012836369275931,0
1251,-1.4488034884641905,-1.1467127681400446,0
1255,-2.09062758421078,-1.0116270160101233,0
1256,-1.2236093532215688,0.1138799902388075,0
1259,-2.3656099212112194,-1.7715400191073696,0
1269,-1.6008256194726889,0.8285770608020384,0
1273,-2.306630600869698,1.1975459403797144,0
1274,-2.540324745144168,-1.1390008130500342,0
1277,-1.8516251216839879,1.3479395141635016,0
1278,-3.0773310477988636,-0.9787501151997631,0
1279,-1.544756555667085,-0.9377704557643088,0
1280,-2.451315504656491,-0.38329447239907616,0
1281,-1.4302520170511888,-0.15460491577623695,0
1283,-1.2375327154094002,0.16901611390921942,0
1284,-1.2060489272396167,0.4610568358531605,0
1287,-1.9709678164938509,0.5731437479627837,0
1288,-4.07583210025368,-1.3424939323393363,0
1291,-2.4444448386012008,-0.3057635953309363,0
1296,-1.9541574688198666,-1.3819987398463758,0
1301,-2.5889287945446107,-1.511207593754292,0
1302,-3.546698252528567,-1.960869301863015,0
1303,-3.008230654621887,-1.3546282051041765,0
1306,-2.046763272625596,-0.32548468489559446,0
1314,-1.85301584125019,0.5351588505430175,0
1315,-3.1780739048374724,-0.4669546773335572,0
1317,-2.624770629102478,-1.5254625351380344,0
1318,-1.7822058948530863,-1.575544861398364,0
1319,-2.3195052497778983,1.774226381629013,0
1320,-2.4527024597769476,-0.723633496266632,0
1322,-2.779356618132661,-0.8542427450435768,0
1328,-1.5833819300804568,0.0958429335007352,0
1331,-2.269139239826046,0.889421080929286,0
1332,-2.225269838579063,-0.5505485092989111,0
1334,-2.333972160229785,-1.2756296733247974,0
1335,-1.4283795881258632,-0.28028734559847973,0
1338,-1.2817285330458927,-0.7626716741953121,0
1343,-2.073832884324056,-0.6217094540086687,0
1344,-3.142352129262925,-0.47095218808020434,0
1347,-1.5230789851407898,-0.8811206257941577,0
1352,-1.8209558379028496,0.3755106480085235,0
1353,-2.006885447245649,1.2158608892435383,0
1357,-2.6256164299977165,-0.5051376341112391,0
1358,-2.056487799677359,-0.3090784454639841,0
1369,-3.222874048407952,-0.5624020835882012,0
1378,-1.1093997998568352,-0.34347431327273886,0
1382,-2.731412157361066,0.5824140271354038,0
1386,-1.9624972147399653,0.934262156584276,0
1387,-1.7460954409912266,0.018490912801812552,0
1392,-1.16472517351738,-0.22234216715176425,0
1403,-2.5265090880355063,0.3247934932126844,0
1404,-3.1067103085914938,-0.24960828448683095,0
1405,-2.134605059026585,-1.1548905553325186,0
1407,-1.32338428940866,-0.1256985763032533,0
1408,-2.0600194322107974,-0.9301447457182341,0
1416,-3.4091016196281414,-0.5587080407554383,0
1418,-3.8568966856468103,-0.6159250563936871,0
1421,-2.030998214481558,-1.0425631312797399,0
1423,-2.0828055066123805,1.7618942566286042,0
1424,-3.1875165687215032,-0.6926115921585004,0
1425,-1.109665219713835,-0.27241782064291914,0
1426,-3.7135796034020734,0.29455980420816424,0
1430,-1.8981574058861335,-0.6637591960084508,0
1431,-1.1984878317834855,-1.1255632927512786,0
1432,-2.4386530377621622,0.09990737397033175,0
1433,-1.6624619182329752,1.0174373840431767,0
1434,-2.8823192665966935,-0.6473084304388194,0
1442,-1.3350400338147226,-0.8766866439070677,0
1445,-1.4468900508742712,-0.8809244693764002,0
1447,-2.4513897110371925,1.4375813043279948,0
1448,-1.2140322414936775,-0.32101576722303715,0
1450,-2.8346251947869594,-0.6868438785385788,0
1453,-1.4184589429669532,-0.7140577157329119,0
1454,-1.3863370023880588,-0.7255860548158097,0
1455,-1.5404836831356377,-0.24018195539927414,0
1458,-1.1133254213577148,0.9789989417044093,0
1459,-1.8385665839878533,-0.9708593431157375,0
1460,-1.8663219281228014,0.5920747248222004,0
1461,-1.8411957811907205,0.4683078202883488,0
1462,-3.359752702219879,0.8946849129211902,0
1464,-2.3383271014714855,0.726825950250537,0
1466,-1.2900062685761031,0.22291863157838268,0
1467,-1.0054937054817845,-0.9890279324257699,0
1469,-1.8836813689031235,0.49246193314654096,0
1470,-2.407255966915434,0.2522101386618857,0
1472,-1.3379841796876832,0.8561909130508047,0
1474,-1.6738623325612085,-0.11273580383951395,0
1475,-2.2009344631576186,-1.2093128450709272,0
1477,-3.211360101063242,-1.076133590620864,0
1480,-2.299273684865374,1.5670253898472586,0
1481,-1.7178674163034122,-1.3846513232205522,0
1488,-1.4408599647064848,-0.9941167247506093,0
1489,-2.1282906225574707,0.4201878665309297,0
1490,-1.7054488886098464,-0.8860859378699545,0
1492,-2.75993487978647,1.2416404337835363,0
1493,-0.9624006164471638,-1.136720761732441,0
1502,-1.3803789025309046,0.2424981875445554,0
1507,-1.4423927112935577,-0.46372000657311796,0
1509,-2.674232837302894,-0.6818747158814114,0
1512,-1.308596884528257,-0.6964076082345584,0
1519,-1.8541248722586265,0.4586900724618729,0
1520,-1.111326525180176,0.9049821403668208,0
1521,-1.717392675229798,-0.74544847451045,0
1522,-2.067617750931016,-0.03838508172439012,0
1526,-1.4278389356641197,-1.4528490029819994,0
1527,-1.104325269382408,-0.8154930600565702,0
1530,-1.6214850584459781,0.7379060456847543,0
1532,-2.198164584808698,-1.3791374446054125,0
1535,-1.001057092692187,-0.4424826669664996,0
1536,-1.5472161727844562,0.6865084136523464,0
1539,-1.4070763136526117,-1.0327489421325144,0
1540,-1.2274752103137523,1.1233826998075203,0
1541,-3.1037049518666704,-0.9119146653031075,0
1543,-1.2274752103137523,1.1233826998075203,0
1544,-1.5895269193131165,-0.14775771200481155,0
1546,-2.111911554684801,-1.526167281095889,0
1553,-2.664858261933972,-1.1306928862410561,0
1554,-2.5469653714685827,-0.5716033838455715,0
1556,-1.6535717669552377,1.0283624347795748,0
1557,-2.665538288688508,0.43508519463524864,0
1558,-1.7709086467157273,-0.8230062117558193,0
1559,-3.0339945120544076,1.1450004245565821,0
1560,-1.7810291348965015,0.7515124803004924,0
1563,-3.0258479120879147,1.8048301363957469,0
1564,-2.962093456166928,-0.039310352026066364,0
1565,-1.8282260101629317,-0.9029870890835537,0
1568,-1.17095325808392,0.08849434667907657,0
1572,-1.98547357016916,0.7013238334938108,0
1574,-3.13196349395435,-0.7608366395209665,0
1577,-2.0462655358876063,-0.5592398317653365,0
1581,-2.8246002775342034,-0.023348229838893043,0
1584,-1.1513360893517328,-0.507649048527926,0
1585,-1.0734093747946511,-0.6639629375457574,0
1587,-1.7434619494684696,1.358766778869629,0
1593,-2.7399394577790694,0.8264755464982143,0
1594,-1.072372789675262,-0.047671042710992734,0
1595,-3.734022033145585,-0.8596157130552037,0
1597,-3.6988193404297713,0.6304078229994052,0
1598,-1.3455709783750083,-0.07125479414157423,0
1599,-1.6986107206755925,0.5244782697787601,0
1604,-1.0537674833648334,0.008332919859668783,0
1608,-1.741437660154277,0.018606087828823014,0
1611,-1.4474628457852279,-0.5951865801586783,0
1612,-1.530765725763469,0.48067637652950856,0
1621,-1.1695182049939554,-0.06722870947606827,0
1623,-1.0428476097875081,-0.4041077355560929,0
1627,-2.1244979863252116,-0.4608386311163833,0
1629,-2.7842286695535945,0.8764622655541496,0
1631,-4.037271216781118,-0.6273306239011952,0
1632,-1.387011737204531,0.16931076714413698,0
1637,-1.6407858463327327,1.18321459747076,0
1640,-2.622655064125239,-0.08268589537883368,0
1643,-1.870984443109683,-0.521734682350856,0
1644,-1.4560930915811372,0.8828166396149749,0
1648,-1.27258057366259,-0.526136135959385,0
1657,-1.1983878465067805,0.8355036743772258,0
1659,-2.0618984649127956,-0.7771270997917235,0
1660,-1.6416812281601942,-0.43770940009020837,0
1662,-2.547140066806691,-0.20766726242152062,0
1668,-1.1145404056104182,0.637852234235594,0
1669,-1.7737597811859178,0.9900216694958788,0
1671,-1.937117895408251,-3.2196997872433433,0
1673,-2.2152207937572674,0.6439315494035817,0
1674,-2.4011544064164423,-0.38542939993897,0
1677,-1.5958456272533192,1.119151033665801,0
1679,-1.1035459967773378,0.38215752237234607,0
1681,-1.503337860519281,0.7893633439685839,0
1682,-1.9793564378294832,0.33202106563658823,0
1685,-2.649122953936658,-0.38387168330461247,0
1686,-1.2350571417507024,0.23291651945164848,0
1690,-1.1596771255816092,0.6982594158159191,0
1692,-1.0232057562269947,-0.9152811459631541,0
1693,-3.2711490436320374,-0.24904291463467945,0
1697,-2.28975314071198,1.063745265458945,0
1698,-2.2412252566923203,0.3368106096855349,0
1706,-1.446160603015532,-0.8037991588947225,0
1709,-2.98419227156884,0.051878820103448575,0
1710,-2.982076389330403,0.052804332999974946,0
1713,-1.2391333907707096,0.7629295533368337,0
1714,-2.185520051829148,0.11558481153226492,0
1717,-3.003509751883014,-0.9744950966449084,0
1718,-3.201794825252307,0.2471590031757781,0
1721,-2.1160543403272096,-0.5412435002860794,0
1722,-1.2044083079661216,0.42874279003762034,0
1727,-1.9671178275674146,0.4861256706228864,0
1728,-1.9907302995749343,0.3639582211970782,0
1729,-1.8133229261059796,-0.14515688517823042,0
1730,-1.9548465797924068,0.4833499745302578,0
1733,-1.7016927838593099,-1.4032357214343165,0
1739,-1.496753605512333,0.44910775835779376,0
1742,-3.0987302820709752,0.029560796444794906,0
1744,-2.584602853759432,-0.39672532048974285,0
1747,-1.2511831146214811,0.3078090013866216,0
1750,-1.9707455657503106,0.1230551588546952,0
1751,-1.2019356930293865,0.9811371092972879,0
1753,-2.0148637007189274,1.8937633835464098,0
1760,-1.6048370613209322,0.7484792974176991,0
1769,-1.731702318317649,0.5127265069021321,0
1772,-3.5342600144787752,-0.20404671698246574,0
1774,-1.1526545290383639,-0.9575182542111039,0
1780,-2.2508315472798186,-0.5433258929189181,0
1784,-3.627069230150952,1.314288266157419,0
1785,-1.1478539169688742,-1.684859080466495,0
1798,-1.055961583182169,-0.03740084583227535,0
1801,-1.267982467552294,0.6361594864909189,0
1802,-1.0411742505334043,-0.11751756351780347,0
1803,-3.218086371098175,1.2747949225951283,0
1807,-1.4923892861547245,0.6315471254114372,0
1808,-2.151162528258766,-0.34222335745585714,0
1814,-2.1731879906491676,1.1894476059996348,0
1815,-2.335884540086495,0.22870720657427052,0
1816,-1.5146681883751647,0.7849019000706019,0
1817,-2.0880155933469244,0.3778204836129084,0
1818,-1.740965669181398,1.4204475970138333,0
1820,-2.9163202964159742,-0.5520064468363213,0
1824,-1.670505952374131,0.889443123574286,0
1825,-1.2682122899981965,-0.8605435342074351,0
1828,-2.3812031780991556,1.3591774435883472,0
1833,-1.0370789822307895,-0.0724265024016694,0
1838,-1.4086187364329112,0.08052411012931812,0
1839,-2.3424447300218767,-2.240401983308142,0
1849,-2.3700494089274726,0.38262124561759786,0
1856,-2.336874300801393,1.5637491407929924,0
1858,-2.950721006428437,0.6359063802182111,0
1859,-1.68476496202081,-0.38964533311242844,0
1861,-2.6484877532479296,0.43871286884796706,0
1868,-1.7469394960646378,0.7142359318061734,0
1878,-1.9449728494292433,-0.6935896567518324,0
1880,-1.3983229161196358,0.4909446813082628,0
1884,-1.8794391493032432,-0.20526957054581482,0
1889,-1.1708657258636987,-0.17285471088825546,0
1891,-1.9732046826384324,0.17773920306321542,0
1898,-2.104896493797245,0.07920139357905417,0
1900,-1.728948013314794,-1.6656697055311545,0
1902,-1.8843862339828978,-0.541860284724269,0
1905,-1.6019993837198727,-2.3518200083340903,0
1906,-1.477396500465752,-0.5584795375371424,0
1907,-1.8912982825063054,0.017130921663717377,0
1908,-1.3769824780240054,-1.652901365079426,0
1909,-1.2709360146329316,-0.579499930826825,0
1913,-1.9036391918630196,-1.3796419554202017,0
1914,-2.2542475093799346,0.9369760976901745,0
1916,-3.0753746225099494,-0.5234402945705965,0
1917,-1.9125615453053997,-0.27347465829746254,0
1919,-3.199801254103526,0.3537594179916016,0
1921,-2.017893453404357,1.7347926470618549,0
1922,-2.86211626238624,-0.4870762724263573,0
1923,-1.432905948956005,0.18058532836895053,0
1925,-2.110389585069038,0.1373265261480597,0
1926,-1.7760451896143763,1.0418200375123579,0
1927,-1.509580503275097,-1.3848077252139808,0
1930,-3.4346009761347407,0.667928892291321,0
1932,-1.3093698742934357,-0.9617065846692802,0
1933,-1.551426161393164,-0.09710023982717189,0
1937,-1.5695839265783582,-0.45899136115029887,0
1939,-3.195621176025652,0.24840296769519804,0
1940,-2.496775604614256,0.749869916175671,0
1944,-1.9917731205120568,0.07541297242767471,0
1952,-2.125194491413588,-0.5322147803403227,0
1953,-1.4933134718315806,0.7088962807834753,0
1958,-1.1037209632844893,0.36366404632429644,0
1959,-1.7221029870942046,-0.8403252106840517,0
1962,-1.75766139423659,-0.34441308001415716,0
1964,-4.430904585951226,-0.07362160536807168,0
1967,-1.0876828300069876,0.4858365063202035,0
1971,-1.118492487338529,0.24798567659636836,0
1976,-2.2500632604592283,-0.3527204545081628,0
1978,-2.314077604612073,-0.6611618099363741,0
1979,-1.5153531757827923,-1.70807594276712,0
1981,-2.7915681946451283,-0.4726962309292136,0
1983,-1.8813816865334114,-1.0408640862790095,0
1989,-1.4441615412989262,-0.27901008721982673,0
1992,-2.8906364616173508,-1.24657127554496,0
2006,-1.2131057012443591,2.0403030309158865,0
2008,-2.6956817767275596,1.4530594658894362,0
2010,-1.9934974392508664,-0.051335964506934575,0
2011,-2.0741624649615695,-0.8553086934299893,0
2014,-1.9662627172005298,-0.3950284611850287,0
2015,-1.7072174081370215,0.5537223815425286,0
2017,-2.405005859187653,-0.09937519697549152,0
2028,-2.614514239914778,0.5522156586657879,0
2031,-3.405850395214678,1.9628986098985788,0
2038,-0.9995384043658206,-0.16327457746027194,0
2039,-3.2165991857029934,0.6221748938815407,0
2040,-2.442634687080229,0.7803154544185045,0
2043,-2.206263582015822,0.5465914179266029,0
2048,-1.4874720849797642,-1.5068962261413927,0
2049,-1.3376572199940033,-1.6001466522836294,0
2050,-2.8185245694097123,-0.7651326738478186,0
2054,-2.9482254496684828,-0.7385532480147632,0
2056,-3.611947469690081,3.8492909881750426,0
2059,-2.706096491866112,-0.932364200768304,0
2061,-3.5040797352960444,0.8477261467561479,0
2063,-2.114062130954435,-1.3882104070565722,0
2070,-2.7980462587108494,1.7601845901100006,0
2071,-2.2507384417243137,0.2840351797557205,0
2072,-3.120153904392928,-0.5014253381101231,0
2073,-1.5771396209700783,-1.101207089727791,0
2076,-1.0876621634605097,-1.019080928273772,0
2083,-1.2747123362520592,1.2931635648460642,0
2084,-1.298663396688965,0.9482779766389888,0
2088,-1.8057905851268201,1.8867744085396305,0
2094,-3.654968356918944,1.3046914875219113,0
2096,-1.5865307384692215,-1.7639011640909472,0
2097,-1.28563258800631,-0.6173637949911317,0
2103,-1.6328278492289723,0.17463768128307755,0
2104,-1.9977107570685464,0.9106775269508154,0
2105,-3.2316636782081893,-0.9375365237361553,0
2106,-1.57724823196796,-2.834378003721216,0
2109,-1.7389895280955314,-0.7945596452684439,0
2111,-1.5308381518756267,-0.7905480200677232,0
2117,-2.201711773064145,-0.7796950551949671,0
2126,-1.0987128309154257,-1.2256921047860412,0
2128,-2.3141060661935278,-0.6847938996840368,0
2138,-1.1091508935198426,0.32693794319533037,0
2139,-1.0677089252426286,-0.23171082383905875,0
2142,-2.0477937406112696,0.24253396140689826,0
2148,-2.2763359199705184,-0.7670647009960561,0
2150,-1.7823592155388064,-0.6581044807017593,0
2152,-2.8472633496674398,-0.6401335756747185,0
2155,-1.1306605861734205,-0.1743857773184939,0
2156,-4.254214209487793,-0.31513296590451984,0
2157,-1.8077818056874673,-0.9923188202920189,0
2161,-2.4386763245725085,-1.1183782294329963,0
2171,-2.2940025916036593,1.7037692427843738,0
2174,-3.2436603869072655,0.23309642432503191,0
2185,-2.817692463961371,-0.9721711900076547,0
2186,-2.104528366489759,-1.5380212474598636,0
2187,-2.5277343945852015,-0.5301031782315925,0
2188,-1.5157959648647015,0.22369673449181396,0
2192,-2.4377071131292984,-0.03905043158215013,0
2194,-1.821493901195595,1.7239921682629906,0
2197,-1.1954369081992327,-0.9217622541267507,0
2205,-1.5000612245668081,-1.412164751874967,0
2207,-3.1761722450843797,-1.7179225252289794,0
2212,-1.0691562166446407,-1.6883973335748588,0
2229,-3.479875968411574,-1.409303128389769,0
2230,-2.0640880905975023,-0.1996222367891347,0
2231,-1.0195311487644017,-0.34762565645447413,0
2233,-3.0395493058150658,-0.597880905177469,0
2234,-2.561197808519203,-0.16254431320322607,0
2236,-2.2955834787676874,-1.2594026732630732,0
2237,-1.1735999549538,-0.5664728278189196,0
2239,-1.3091700561776303,0.24442005854437604,0
2240,-1.702830267311273,-0.14601253231305,0
2241,-2.3246243358860554,-1.0306414103364596,0
2248,-1.0266907492756097,-0.36215312345210154,0
2249,-0.9734407645232013,-0.6077599204635203,0
2251,-1.3772642377405107,2.2645005957693853,0
2254,-2.3676220479989962,-0.353066568975693,0
2255,-0.9073452184831968,-1.3829961257637926,0
2262,-2.7958027810533124,-1.1600581868484445,0
2265,-1.0301500674760165,-0.5160800202850307,0
2269,-1.5603449445091477,-0.41751091810283486,0
2271,-1.4681655492358596,0.44822175533175324,0
2273,-2.324796357034553,-0.3389257144329253,0
2275,-3.1133331760208236,-0.8340298873377762,0
2286,-1.31537375347117,-1.9274917683468313,0
2288,-1.091445095900277,0.034827437414178625,0
2298,-1.146271326218366,-1.6680926285180235,0
2301,-1.2488991083917849,1.2000297012649235,0
2302,-3.1957082735869555,1.382171456766336,0
2303,-2.2506754518306153,-0.4852721020241128,0
2307,-3.1720200357328996,-0.5475633661092728,0
2317,-2.1581251122057816,0.2950103409739496,0
2322,-2.405791032605805,-0.8685569466208031,0
2323,-1.3866431938023913,-1.0458333516358527,0
2326,-1.001950487212926,-0.3547780844485274,0
2327,-1.8950650427578226,0.9006073154781482,0
2328,-1.5936711089274063,-0.2317752128933343,0
2333,-3.489443068250054,-0.3143107680534012,0
2334,-1.142642822345488,-1.2399141795697448,0
2337,-2.0174087317335196,-1.2544542636390186,0
2339,-2.4932594226707385,-0.45514687433388606,0
2340,-1.5005179164148104,-1.1550646803766766,0
2341,-1.1916943865791343,0.5028831436427497,0
2344,-3.076431562078148,-2.2008574889609127,0
2346,-2.203333388233711,-0.8549574004528654,0
2355,-1.7701340597630741,-1.3614826996204172,0
2356,-0.9017976414921888,-2.8481740797108044,0
2359,-1.6198515987211777,-0.855554776157325,0
2363,-1.9918478666241213,-0.17648761510744956,0
2368,-2.3537804689197577,1.1195522646045335,0
2380,-1.1985042034865365,-0.13548524000981557,0
2384,-3.017482508931955,1.806627844267751,0
2387,-1.0205162707290738,-0.09391282616982484,0
2390,-2.437415317772794,0.3551227218797819,0
2396,-2.2838674173476616,0.5750601615886964,0
2404,-3.073830871446275,-0.7481227632387879,0
2406,-2.58149188660618,0.2409739721192078,0
2412,-2.5755502658874336,0.4381086936708336,0
2415,-1.663838173641063,-1.2564706453866805,0
2416,-0.9349950617489665,-1.2930486422930438,0
2422,-1.7610941546563064,0.34337182558609924,0
2424,-1.111425208884852,-0.31998724011439245,0
2428,-1.6937607462776985,0.3983289982400929,0
2435,-2.9226439371236093,-0.5143648884337368,0
2436,-1.1535020449174942,-0.9957816809622153,0
2438,-1.094280771513811,-1.019405620572995,0
2439,-1.1351501317121413,0.7517544425898628,0
2440,-1.5050222788765903,-0.4611803248003432,0
2443,-1.1838337985915757,-1.6470562285934909,0
2451,-1.202816467967851,0.46151965853227334,0
2461,-2.997584572674853,1.104666169663133,0
2471,-3.554002020019296,-0.6096792561706454,0
2472,-1.246842198372005,0.312870905954026,0
2474,-1.1938792147796906,0.7516987531490301,0
2482,-1.2501921764374475,-0.9713174373236669,0
2487,-3.6225989562361156,0.694758230492142,0
2492,-1.27506942356538,1.9896454986695267,0
2493,-4.166637906482576,-0.653678970723281,0
2495,-2.8052187019885486,0.45624243976543816,0
2502,-1.7752330834685925,1.7027453828619774,0
2503,-1.1455947627339704,-0.40186105553339385,0
2505,-1.9640145247132026,1.1255348638712595,0
2506,-2.547343635863244,0.15537522940882847,0
2507,-2.8352284601233175,0.10408610864734112,0
2508,-1.1088955395925277,-0.23034357771639824,0
2509,-1.9575713177167338,-0.779344925951633,0
2512,-2.509310933143242,-0.3560152093843042,0
2518,-1.2618695460652805,-0.5693983660033539,0
2521,-1.8283512115157985,1.522584695071738,0
2522,-2.6157697490805454,1.5988189450388663,0
2525,-1.2408059630158068,-2.857596559654972,0
2526,-1.5430174802414254,0.5431511798937546,0
2527,-2.2594000520749606,-0.5861705138575762,0
2528,-1.6118500059201333,-0.840633984458348,0
2529,-1.789663572312143,0.29191301874756015,0
2533,-1.0517766886028697,0.49225463590497853,0
2538,-1.7681752255590435,1.0658916071718327,0
2539,-1.912186868393913,0.6688817615716589,0
2541,-2.227253283004965,-0.06220332545446027,0
2543,-2.8835412399294875,-1.1335748204799088,0
2544,-2.28521466662482,-1.199913526899636,0
2546,-2.330211315007397,-1.382742263416997,0
2548,-1.2117450077890959,1.3788654983028277,0
2549,-1.1112330340583128,-0.7409107071757527,0
2550,-1.6564481402654905,1.1021842352155005,0
2553,-4.302657257481846,0.38253962171622036,0
2559,-1.8235142701789606,-0.7063334081216217,0
2562,-1.6525646734448434,-0.14293096009602688,0
2563,-2.931062589332586,-0.42947420992655316,0
2565,-2.5417596139952123,0.950489856578973,0
2568,-2.131838973084821,-1.0643288835773597,0
2574,-1.3887723832467422,2.1927323595590096,0
2580,-1.7523351692697553,0.5573350549425662,0
2583,-3.0199042087777492,-0.10484949606143718,0
2593,-1.877458532624173,2.2702570091367047,0
2595,-2.8156529492198343,0.49277689467033226,0
2600,-1.334949254706294,-0.4879830367847842,0
2601,-2.632481360637497,-0.8534570483541357,0
2603,-1.2001120353898471,-0.8112416068851914,0
2610,-1.5972135893897916,-1.5108999716456124,0
2616,-2.840527061144384,0.2919616436805419,0
2625,-2.7014677696002556,0.9241478792356693,0
2627,-2.5545512712137897,-0.1347611721067935,0
2637,-2.144969954671227,0.9932398503767143,0
2638,-2.611604798626551,1.15797028930817,0
2642,-1.2102034202822562,-0.2685107287218823,0
2649,-1.8114223959318767,0.49396340889123286,0
2653,-1.574025882760116,0.6740219832884966,0
2657,-1.148781108711753,-0.7669380380806835,0
2670,-2.013844473106573,0.23407578451393127,0
2671,-1.027519846561507,-0.6741916215142817,0
2673,-2.5987270523987975,-0.9847655198510463,0
2677,-1.4163707989795082,-0.28671395983166426,0
2679,-1.9407541815205482,-0.5865177024695121,0
2683,-1.7056057255872394,0.5703734194485612,0
2686,-1.4604985450427213,0.6875589096071292,0
2694,-3.135419293134275,-0.26967484378321566,0
2702,-1.4098009036691388,1.817053739523056,0
2703,-1.1434212725641566,1.599198304872525,0
2704,-1.3241063931472408,1.5532236487234015,0
2705,-1.705459273484419,0.018464531716106576,0
2707,-1.7162448411412452,1.156379724721207,0
2710,-1.319525468388354,-0.7680466614733841,0
2712,-1.5056768179772122,-0.6888163886692646,0
2718,-1.5440924489808934,-1.210912313657255,0
2722,-2.248692409795272,-0.35742643067377666,0
2723,-3.486833933040972,-0.2282928073067232,0
2724,-1.1922990675948701,0.23815502192215854,0
2725,-3.437732894086542,1.23588210430179,0
2732,-1.018158676888044,-1.514287344803808,0
2735,-1.200670367398492,-0.8567351618814383,0
2755,-2.040339267840604,-0.7479667462471443,0
2759,-2.466317297316298,1.1779548334142909,0
2760,-1.938727933330787,0.20577294210367575,0
2769,-2.9646779338618034,-0.34225180750764844,0
2771,-1.1499973746819072,0.6433649823549537,0
2775,-1.307436034501212,0.4671808580142344,0
2782,-2.9234048783739093,-0.9833775811564158,0
2783,-1.1686744559515847,-1.1360988849605564,0
2784,-1.1426603430165314,-0.9162833075210878,0
2788,-1.7454659697600068,-0.9282567804844951,0
2790,-1.287740000210653,0.3664145658777728,0
2795,-2.4456516344726404,-0.961093052106014,0
2797,-1.5318357357399288,0.5797625682659032,0
2798,-1.2458886273932275,0.35026096527956435,0
2802,-1.3333712829539892,0.891308465195692,0
2805,-2.4176987404933232,0.4261368847885094,0
2811,-1.2186658581734047,0.7941329056512824,0
2814,-1.3439605519223234,0.16926300118458984,0
2818,-1.452909968012012,-1.4741551813861777,0
2820,-1.3965282423988166,2.6726981301928525,0
2827,-3.1299638894666333,-0.14884770277026338,0
2831,-1.8920428261211542,1.341761865469057,0
2833,-2.3785643246067214,0.08982428218877983,0
2834,-1.4235098843099536,-1.4075433373928703,0
2840,-1.6545442361437037,0.5679093038979438,0
2844,-1.0976994936086626,0.41777959744030824,0
2851,-1.4827720686558332,0.2754815190922593,0
2855,-1.5344254169244915,-1.3841457588669546,0
2856,-1.0933462289710223,-1.3302055217215296,0
2860,-2.7152752008584766,-0.003744367932848509,0
2869,-2.1146992207925455,-1.0118427198591564,0
2872,-3.277290356615904,1.0386460912733977,0
2877,-0.921214632268067,-1.218758130542165,0
2880,-1.7252025677975014,-1.3606582933138271,0
2883,-3.33268937943151,-1.0346062703234793,0
2894,-2.6549655087373134,-0.7111450484672477,0
2908,-1.9167938533722073,-0.383677385959581,0
2911,-1.5180477806232764,0.5056636369084567,0
2912,-2.780693034163902,0.15929528866556483,0
2914,-1.6025654891288297,0.9987314535594438,0
2915,-1.8488441957805037,0.23090597272700822,0
2936,-1.3480789426320792,-1.240410225883157,0
2938,-1.239328484806188,-0.30779256958086326,0
2941,-2.2196644989719942,1.135977322830813,0
2949,-2.2801912761127916,-0.3144178280581929,0
2950,-1.6695567527585582,-1.4093827520398665,0
2960,-2.2382209569471683,-0.1765561466632843,0
2966,-2.2995202613533348,1.2533963969555373,0
2975,-1.3125827883251915,-0.9833587811593199,0
2981,-1.9364278429508417,0.7238431115060294,0
2982,-2.414185743249845,-0.29507324783626865,0
2990,-2.7640402743094703,-0.30428599496787023,0
2994,-2.3992130884996756,-1.0746121145514809,0
2996,-1.0088510757280298,-0.8499767992857504,0
2999,-2.0727247483232873,0.6683270486977859,0
3000,-1.4197024969033483,-0.9964367588395663,0
3001,-1.0620663820349352,-0.7954092685837422,0
3003,-0.9843730784680942,-0.9918032835038372,0
3005,-3.4731946650298138,0.2027526564675709,0
3016,-2.005181375176702,0.10159559378822737,0
3017,-1.808957593681623,-0.6650874955928503,0
3019,-1.4375892063939848,-0.9566724988200835,0
3020,-2.4237915400674845,-0.9386466768188466,0
3022,-3.1818239196290214,-0.9452317144791395,0
3028,-2.8595310016070385,-0.05280477053725363,0
3030,-1.8351107233576014,0.4512608190427274,0
3039,-1.4668505650616173,0.43240348104770837,0
3041,-2.555922392871079,-1.210785411248897,0
3048,-1.5805596909604631,0.2366420790444807,0
3049,-2.823395530968449,-0.6017724089718609,0
3054,-2.307238754137745,-0.43423662301304883,0
3061,-1.5348411762950784,-0.8736820202561245,0
3062,-1.918479741011847,0.3132667649552637,0
3065,-2.4990531518540857,1.4262379865098835,0
3071,-2.579901396029138,1.0338473121927696,0
3077,-1.3187656216871508,1.959434670799521,0
3078,-2.6296708318484407,-0.16492874305998198,0
3082,-3.046781359532574,0.2702255925751437,0
3089,-2.7698523179423193,1.4247982713947778,0
3090,-1.9349231544347294,-0.195194137145427,0
3091,-1.108054634118853,-0.5902385100139169,0
3092,-1.1798669824060812,-2.8823296738606925,0
3100,-1.9121770169411645,2.900710827464032,0
3105,-1.5407491028414437,0.9569852168670568,0
3108,-0.9321310236155037,-1.9365602304844922,0
3113,-3.14182073752024,0.8652896512920315,0
3116,-1.3119261314821264,0.2621705107148512,0
3117,-1.939380832149056,-0.07408966913877896,0
3127,-1.1299699993142471,0.14148314395658396,0
3133,-2.13939364138779,-0.521397449964195,0
3138,-2.5026509339150014,-0.030084458330436433,0
3140,-1.6139223085699976,-1.2717679961926627,0
3145,-1.6247597760386765,-1.701209618240054,0
3146,-2.7397122621604177,-2.7032658397281546,0
3149,-3.3658004150385845,2.233859727378498,0
3160,-1.3996528005606048,0.6140453331780269,0
3162,-1.234928911047924,-0.5726961511551306,0
3163,-1.6380673975828337,-1.3497208481588205,0
3164,-1.2355401394294654,-0.5724231439180277,0
3170,-1.7704383866253102,-1.6434756285878223,0
3175,-1.698631182253344,-0.18088434375207701,0
3185,-1.028414684150051,0.24371147545768693,0
3192,-1.7801853051844982,-0.7071800124670408,0
3196,-1.551207201093736,-0.6562075781268534,0
3198,-1.1835160168219843,0.5706899954776197,0
3200,-1.2650577788455168,-1.1880880245015382,0
3214,-1.5273330385352455,-1.6901354778193611,0
3215,-1.517406555005966,1.4840585553632444,0
3223,-0.968668713482682,-1.0277462788533898,0
3228,-1.176833776560544,0.8322278852320081,0
3235,-1.1486340027386512,0.8994410243327524,0
3237,-1.5573075547191233,0.8499463622608016,0
3238,-2.3536164061366027,0.13071055324148714,0
3245,-1.4988310310861208,1.1723247607127065,0
3259,-3.6116628548546927,-0.11669135909263839,0
3260,-1.5760060456700185,-1.1967449272893844,0
3267,-1.187578665019135,1.1694890602174675,0
3271,-1.314921559711529,0.5662168709521025,0
3272,-1.2518216304292886,0.10301302614597982,0
3276,-1.0146663824607092,-1.3707992700502962,0
3279,-3.2768295381713273,-0.512334742310975,0
3281,-4.12769951956137,0.6050657039580251,0
3287,-1.9023682843847414,-0.3853526378151239,0
3291,-3.960191053482111,1.3056538240875109,0
3292,-2.6844630673787186,-0.8617966250159571,0
3302,-1.008517100240284,-2.372748323448556,0
3305,-1.3255928235070038,0.10176631466092191,0
3314,-1.8701245730432865,2.1509401094720824,0
3316,-1.3178110408069126,1.1432314779825112,0
3326,-2.3166927182365624,-0.4707587015296259,0
3335,-2.8765903309729084,-0.6693904055767267,0
3337,-1.4763451347262413,0.7740014894280041,0
3340,-1.3136098802096727,0.8336082468102367,0
3346,-1.787597655278858,-0.6508542037591543,0
3356,-1.6106014080198228,0.7779489201147781,0
3359,-1.2538288877307269,1.2852998247559975,0
3369,-2.834743281769187,0.7119295557872469,0
3371,-1.413683436580944,-0.8458188086063726,0
3376,-1.3874046296713485,-1.5254029293895865,0
3382,-1.6312257269288546,-0.2551677833030071,0
3385,-1.3163578917950993,1.0363752825260089,0
3387,-1.0836837347654569,-0.47427353430113806,0
3395,-2.62933901931071,-0.6326392372374294,0
3403,-2.709540518557363,0.7979431347198733,0
3404,-2.4195263165778034,-0.525032264731821,0
3409,-1.7462193337723957,-2.8279395789415958,0
3412,-1.276496711758329,1.8767351109034232,0
3413,-1.7295758051405745,-1.8171369970729208,0
3416,-1.730331657671839,-1.8167993929670752,0
3432,-1.9422136432272068,-1.2137952167064086,0
3433,-2.3607752232956822,-0.9540062795420179,0
3434,-1.5060470928484506,0.6840234135971632,0
3435,-1.8396449036965286,0.19519471883913778,0
3436,-1.9726994387527779,-0.8487791737974535,0
3438,-2.4142305519277105,0.10945408822023683,0
3449,-1.955933867887601,0.29450843664968723,0
3454,-3.3681762549735037,-0.7350014216691984,0
3456,-1.9016433313951713,-0.8023953213379024,0
3458,-1.2532534289348225,0.03989201695163157,0
3460,-3.5007203752050984,1.0370183905127068,0
3464,-3.29549863909491,-1.3711563015924453,0
3478,-1.4008516964719357,-1.3022958272570933,0
3482,-1.807738366356938,-0.12841675342341385,0
3483,-1.962279741180793,-0.8359444506872404,0
3484,-0.8666062247873852,-2.209907470135084,0
3492,-2.7281793990932237,3.2213477635873438,0
3493,-0.8931767576156577,-1.5968520859960924,0
3498,-1.331535528379078,0.3741096407213782,0
3502,-1.5472271347853808,-0.37677858985380175,0
3504,-2.0072292579640427,0.04605812391926982,0
3505,-1.7692049087984096,-0.5108295725066129,0
3508,-0.9711496595384012,-2.0379340400231474,0
3515,-2.0328710185495713,-1.1901055618843044,0
3526,-2.759536398862563,-0.17987961665531035,0
3527,-1.3052790711969433,0.21992184581244342,0
3528,-1.4925898590914481,0.24693874199057245,0
3537,-3.184569876449682,-0.8667614131910308,0
3539,-1.374741693222676,1.2865940912849576,0
3548,-3.497930760010994,0.8606965421602103,0
3549,-0.993694597743901,-0.705263922958753,0
3555,-1.0770734093364451,-1.8603941388033838,0
3556,-1.2303485478077165,-1.8370033608475302,0
3564,-0.8878894248665801,-3.322018716234307,0
3569,-1.3460021634053287,-0.9309462774273662,0
3577,-1.4167308149045112,0.9559840725091335,0
3580,-1.2588296305424862,-0.3670248378134037,0
3592,-2.9773243241755702,-1.6585908296856757,0
3596,-0.9728467690165109,-0.6731077597602588,0
3604,-2.8294724755997582,-0.7902762201838143,0
3606,-2.8968917276361457,-0.7961968952486999,0
3607,-1.5978938123056847,0.35355123343374956,0
3611,-1.0895862613889904,-0.1990863715540483,0
3615,-2.806660475628767,0.9580225989426449,0
3616,-1.0144636698071892,-0.3614266523148128,0
3621,-1.936104848408432,0.15292374033287418,0
3626,-1.790396926040139,1.2321239272391624,0
3641,-1.380285162423929,1.3123542721238606,0
3656,-1.5023217076452187,-0.6580702567799721,0
3659,-3.1439764661523495,-0.16126593530137703,0
3669,-1.9245237595059645,-0.4956764795698598,0
3671,-2.902524971768986,0.05717929729890645,0
3678,-2.7486075294449397,-0.9912285031781279,0
3683,-1.2409553531330995,0.5021228231562713,0
3684,-2.751726480684979,1.3065805878706735,0
3690,-1.5208242225899684,-0.9836489036417461,0
3693,-3.2935405736458985,0.5479972938225834,0
3696,-1.6640459261362792,-2.139507485968279,0
3697,-1.7570401127672184,-0.4597647279533515,0
3704,-3.0137871765931767,1.1146492279496736,0
3720,-1.0395966525982636,-0.7866059554155702,0
3723,-2.822031062289478,-0.9230610824340275,0
3724,-2.3785668225388212,-0.6215914679683496,0
3726,-1.1735094017277885,1.3397095369305434,0
3737,-1.5247445713499246,-0.2866983679555696,0
3739,-1.9660774381927375,1.2364533334495988,0
3740,-1.8282561211366,1.2246183741660859,0
3748,-2.1715323822871797,0.6221073596433687,0
3751,-1.495537319888433,1.5933135158552243,0
3755,-1.1444358289306211,-1.863776437743673,0
3756,-1.6513056968031299,0.1753722581116398,0
3759,-1.9127183262251384,-1.3107845488054268,0
3762,-1.382721555898326,1.3590836362505696,0
3771,-1.7081470969621566,-0.34110962618000107,0
3780,-2.0760888762035807,0.9151986509026652,0
3782,-2.835979786124701,-1.6408257674256368,0
3784,-3.105358555472428,2.1961405419943385,0
3788,-1.3321667407687436,-0.36759682862033816,0
3793,-2.442670225213337,-1.0942081842331588,0
3795,-2.5236965964823095,-1.2191194061353856,0
3802,-3.114034386830406,-0.9334374283849176,0
3803,-3.1429967530651215,-0.8617091193506063,0
3804,-1.6283655606469647,-0.26370832647913134,0
3826,-3.090109258936292,0.25279033523813266,0
3832,-1.1590117659615435,0.607051695431219,0
3833,-1.1590117659615435,0.607051695431219,0
3837,-2.896464340005872,0.7089596025439168,0
3838,-1.3630806092901537,0.05896378343871852,0
3845,-1.5624769843132855,-0.9570910148342109,0
3848,-1.7587927839817055,0.6159630523322703,0
3850,-2.4660748829858377,0.3808688582465959,0
3856,-1.386455552241633,-1.2078739001536822,0
3857,-1.541700920098081,1.3294483664999484,0
3858,-2.628218786946415,-0.539955113717907,0
3861,-1.7319071290531924,-0.8534335197908595,0
3863,-2.011624055882178,0.6330705090765125,0
3870,-1.1202400434215876,-0.4420054342661625,0
3874,-1.696879374068396,0.8370593736756572,0
3875,-2.484785526247858,-0.8158650709115823,0
3881,-3.577423729202182,-1.2040909694269697,0
3891,-1.2623606137133303,-0.3502401227821718,0
3892,-1.2437223278781129,-0.3528423221734932,0
3898,-0.9369975491984348,-1.2899365874679847,0
3913,-1.6342281590556738,0.4980299735805839,0
3915,-2.275495848486117,0.07506686865549143,0
3922,-0.9837962871832009,-0.48872845429519957,0
3928,-1.7457099387518813,1.0946650836498233,0
3937,-1.2511768714939293,1.0078253733875333,0
3944,-2.1469324848996805,-0.902454466659437,0
3946,-2.2420202463067325,0.6088411965787186,0
3947,-2.6780743915093983,-1.3196090589084168,0
3950,-1.3425701891845043,0.7886126264955801,0
3951,-0.9444934925787567,-1.5934808706418784,0
3957,-2.3292443652199366,1.3777036125306985,0
3959,-0.8966818203912095,-1.561816287101217,0
3962,-1.1512792800410183,-0.978302807703298,0
3966,-1.2541674576681348,0.7231690187037374,0
3972,-1.2373025957525823,0.780210017510365,0
3973,-2.0205399761483425,0.8633672232580706,0
3979,-1.8795281751374813,-1.147539550111914,0
3980,-0.946297438002916,-1.1266215249034874,0
3984,-1.523419799492662,-1.318839127007992,0
3992,-2.746868437269491,-0.19045055832482016,0
3993,-4.077491507825699,-0.36952296399259693,0
4003,-1.8769094718840744,1.3545091727649787,0
4004,-2.8107415332565706,0.2428903128913548,0
4005,-1.3385004602713142,0.3948741236509897,0
4007,-2.153500160070515,-0.41381495060122264,0
4009,-1.9459342001387392,1.8199466032393743,0
4014,-1.1801581305936364,-0.025674357318143794,0
4020,-1.4359930232654523,-1.011050689747895,0
4033,-2.1536266704155222,0.19655796082209873,0
4034,-1.2727535263477239,0.45428337738397995,0
4037,-1.4733483016435813,-0.4806696089157805,0
4046,-2.6005475614440763,-1.3171561932101374,0
4048,-3.0431623443220865,-0.9108038342522782,0
4059,-1.8507539272540132,-0.7356927804829557,0
4061,-1.7873291850232202,1.1877508503079166,0
4067,-2.5488889558559644,0.7377843728995839,0
4070,-2.779467695374364,-0.13694481045554402,0
4077,-2.0065202576473014,-1.3346320131140654,0
4079,-1.2563089282671362,1.292263493091193,0
4085,-1.3074347749092214,0.07573246373542204,0
4087,-2.8075187342838714,-1.2075033808575886,0
4089,-1.2330902751081068,-0.9724871417934375,0
4092,-1.5986236175534907,0.41602198554084924,0
4103,-1.0993741415775184,0.7951769311838215,0
4107,-2.058534347115243,-0.44099080542210967,0
4114,-1.4959199268645547,1.4015886911483781,0
4115,-2.6220467399707807,-0.5080000403217649,0
4120,-1.5286218924185593,-0.7168652391992189,0
4122,-1.862125762871381,-1.3913168944469774,0
4126,-3.3750687000971342,0.2390727822452056,0
4144,-1.2175441686605109,-1.2195680280476555,0
4148,-1.8694906679149579,-0.029295573304551223,0
4153,-1.3236912020260103,-0.8229473711889134,0
4181,-2.307259314483332,0.7436974007055452,0
4198,-2.028790238652052,-0.4750841662546173,0
4205,-4.871811495416801,1.1323942700558236,0
4206,-2.811131272588816,0.665208258846747,0
4210,-2.3759433568760713,0.8218094966720848,0
4211,-2.8187566849709116,-1.167575383907414,0
4213,-1.3106379695472279,-0.09075681600243266,0
4214,-2.6851093072817274,-0.11437096678026681,0
4215,-1.4209718037100048,0.07177462029455677,0
4220,-1.9743126084823137,-1.5460388627593522,0
4221,-1.693104666101349,1.092333803335589,0
4236,-1.4081969944699726,-1.4031680083294207,0
4237,-0.9337644019324836,-1.6138531429196952,0
4242,-2.8113407224458253,-0.6356360503392304,0
4243,-2.6103541881612315,-0.7686115058331429,0
4250,-1.085802895499583,-2.054008568437373,0
4258,-1.4122083333979252,1.0662651844503073,0
4259,-1.1354747770054887,0.22844980164743797,0
4269,-4.111275325163184,1.4590987531322948,0
4271,-1.8745499106799242,0.8351332844149963,0
4280,-2.802991158282912,1.704379554517057,0
4296,-1.0456700486741932,-0.4495990795085084,0
4302,-1.7156707438954804,-0.6169119711391067,0
4305,-1.2246478467481383,-0.25871006534773067,0
4306,-1.3218864364842,-0.9884742341917983,0
4312,-1.0818048821702098,-0.43880858911507675,0
4313,-2.3452203246121752,0.4162089465426001,0
4315,-1.2842809609995158,0.32645418750801714,0
4322,-1.935123132118802,0.8118593968955555,0
4324,-3.4561825691894024,1.1565671453494062,0
4325,-2.3703134735080447,0.9825981943452758,0
4337,-1.2855858635116906,-0.18320608397950103,0
4339,-1.750392860769775,0.8132182083826571,0
4340,-0.9359076752380425,-1.2305331777733883,0
4352,-2.206605241447251,0.5723735702154631,0
4353,-1.0745543697364475,-1.2884184512629573,0
4358,-4.2349721202261765,1.3098137746544694,0
4359,-1.677961616568969,-0.1257543066685861,0
4369,-3.4980277201890235,-0.693181893725868,0
4378,-2.3441858673705513,0.4056557103689093,0
4382,-2.4766327622254987,0.0482315559599223,0
4383,-1.439701540864263,-0.4108906984619977,0
4391,-2.7077911900312905,1.2606243931425367,0
4403,-2.2493359669830406,-1.7704176510016922,0
4406,-1.7006461257596972,-1.239971552754107,0
4424,-1.9601257921246054,-0.6398168451424201,0
4432,-1.7859244463099848,-1.2088780115349644,0
4433,-2.5287805050791885,-1.7777586061691604,0
4436,-2.131622219948975,-0.9513264088178266,0
4437,-1.3827352312914565,1.067053251155859,0
4442,-1.6418116514031935,-0.8700657062894558,0
4444,-2.259688604983662,-0.6547493264611615,0
4452,-1.0995903104346938,-1.2207871933303156,0
4453,-2.0232631002109875,-1.7243281165686952,0
4461,-1.5459341377152478,-0.44167472082610937,0
4470,-2.8213839657861235,-1.867167090612911,0
4475,-1.9838726448854402,-0.5892649902503798,0
4476,-1.2508850157874287,-0.7265033858868623,0
4480,-2.0064616696674205,-0.37077103181412485,0
4484,-1.780910627622818,-0.38362580465967433,0
4486,-1.3113237105729765,-0.7494689610614089,0
4491,-2.2906883158342617,0.15586296653741724,0
4508,-1.2214969803931133,-1.2734518643279704,0
4510,-1.3027322797437544,0.4877202932867183,0
4511,-1.2380913200900332,1.5128908104858971,0
4514,-1.3775936083953713,-1.5966065784289114,0
4534,-1.608928459907346,-0.15165534371633932,0
4546,-2.8303894696620207,0.8791991050504194,0
4552,-1.4784768240877355,-1.3711022513930657,0
4558,-3.5499704685720306,-0.17812924256749732,0
4585,-2.1152723433241962,-0.04634970820037235,0
4590,-1.6860772648419067,-1.3359013312125372,0
4593,-2.1856822410274868,1.5467395958174666,0
4601,-2.379220041292599,-0.9675895891450317,0
4603,-2.6558708719242654,-1.0052165881202897,0
4605,-1.5001392910595923,1.8116386740490054,0
4616,-2.4273276903665413,0.9777546519441193,0
4620,-2.0940578300920967,-0.15107659122049627,0
4621,-1.3643718398596472,-0.289323200201924,0
4623,-3.7120169930750935,-0.030848310422194734,0
4628,-1.9672540538501646,1.3340341962925757,0
4640,-1.446933045609782,-0.3077591043174093,0
4647,-1.3062115056160017,-0.20696662610366048,0
4657,-2.2788227147156683,0.8983234716903961,0
4662,-2.6125504359913996,1.5198852185492482,0
4670,-1.4557329306423787,-0.30382860571472053,0
4671,-1.6087389626656692,-0.15839950339812714,0
4674,-1.1178005214337865,0.7595636129760587,0
4679,-2.5955199368374644,1.5023469901448663,0
4689,-3.0676287221563188,-1.7768954440048,0
4690,-4.516411793281713,0.8737717705153613,0
4691,-1.4244493785838672,1.6575413226072833,0
4695,-1.032502687484537,-0.388723128605608,0
4701,-2.5825476334775455,-1.4467002473778818,0
4710,-1.6503816593655867,-1.5668649519094808,0
4712,-1.1068144268168327,0.17293916833974265,0
4714,-1.378511713706281,-1.2923761974343562,0
4717,-1.3253653558677576,0.8226316734789011,0
4723,-1.2003001864979557,0.05600872804694387,0
4733,-3.196932734311869,0.8048458461181319,0
4740,-1.2515110892942516,1.3613346203311374,0
4745,-3.6327248004866095,-0.6340269325018117,0
4751,-2.984963321806023,0.4043167322822336,0
4756,-3.148814769595794,-0.757311860593564,0
4768,-3.342085137000416,1.1202269373071059,0
4786,-1.1737910127006053,-1.3982271418477719,0
4801,-1.9261626962526428,-0.9842620179277535,0
4809,-1.718024126713758,-0.5019112893607008,0
4812,-2.6243877640163014,-1.2955127119525074,0
4821,-1.4396799070015815,-1.7223063674127788,0
4823,-2.736580336239738,-0.9452678228032645,0
4860,-1.970896118609455,-0.20335094575590323,0
4867,-3.2396252977457065,1.0138499809822044,0
4879,-1.1684758051202435,0.06330148418526439,0
4890,-0.9208832481849208,-1.6114056355395567,0
4901,-0.9460054595929609,-1.179689457870442,0
4943,-1.4661016509771867,0.7327385903274766,0
4945,-2.8071580020470908,-1.1707659640570711,0
4975,-1.0936718724047982,0.9449558493643233,0
4978,-1.626088229407855,-1.1685845336059195,0
4988,-1.566152794908737,-0.00040867434758782743,0
5000,-3.9930867035780606,-1.3456145291918609,0
5006,-1.8364853866718565,0.5129823013115125,0
5011,-2.515742048059965,1.0991724518065116,0
5022,-4.097259153974092,-0.23727018880874767,0
5033,-1.2441033363188712,-0.8953373107394885,0
5044,-2.2378666660764717,-0.606709163374266,0
5048,-1.2957124280688843,1.4821366666894675,0
5057,-0.9288664537938364,-1.7515774985580042,0
5066,-1.9783857584731783,0.7574862731685904,0
5088,-1.7292797439003498,-0.9380669080005938,0
5099,-2.619709201979989,-0.20700894212389886,0
5100,-2.642234694353284,-0.12225982426881474,0
5103,-1.31755637624125,-0.6909020302290186,0
5104,-1.1189918123083629,-1.8166070564122634,0
5108,-1.1974421000066529,-1.5602278459865992,0
5141,-2.5827549530715674,-0.567177078199617,0
5143,-1.9296627391553067,-0.503052171879189,0
5157,-1.853033117055356,-1.5767130453582974,0
5165,-1.928680723323231,-0.6703592854103105,0
5176,-2.353537474180525,-0.35957280376219486,0
5188,-1.694679126467006,0.05386210278504201,0
5202,-1.8503672626606933,-1.3975213666839483,0
5209,-1.7872581341057894,1.1288586814540018,0
5210,-5.200070049881355,0.910744693575708,0
5243,-2.2018391740770165,1.3961102757866528,0
5255,-2.1907651121193896,-0.47328393982524286,0
5276,-2.5232767426982234,1.0352542874634276,0
5287,-3.7393664128841784,-0.4872867336762775,0
5321,-1.8702053169572461,-0.14664613992242917,0
5332,-1.1687997367778633,-0.5504060775015149,0
5333,-1.129219522066558,-1.62773485449516,0
5354,-3.8044843137176847,0.41280352199888526,0
5365,-2.135659993838222,0.41841670036158735,0
5381,-1.0938451496767276,-2.2049562374638905,0
5387,-1.817908898950042,-0.1593457152403304,0
5398,-1.8053347438009553,-0.06905772601921019,0
5401,-2.124090104153011,-0.012455233495970204,0
5405,-1.528227866262264,0.7543491846735293,0
5406,-3.010021523183535,-0.9010633114537115,0
5412,-4.4196019803209925,-0.5884090638688846,0
5413,-1.4885877990255116,-0.019387865922848822,0
5416,-1.3121896560360413,-0.7400308438474881,0
5417,-1.5644347155068588,-1.1070457424192628,0
5418,-1.845695073538636,-1.5033936424461436,0
5419,-1.4763803188031648,1.0540267645004868,0
5422,-1.1256190187880424,-1.0035887053841688,0
5426,-2.0269185031539325,-0.6688368332639558,0
5428,-2.3061783657899526,-0.025710628018922457,0
5430,-3.737122153064743,-0.23487740054348377,0
5432,-2.3489786980925182,-0.7591985654399425,0
5433,-1.1106432122633423,-0.559551181779665,0
5434,-3.8832637512928674,-2.370510350011105,0
5435,-2.0912165385320622,-1.0728533380271936,0
5436,-1.9966072829599582,-0.857001318987387,0
5437,-1.2381563325593479,0.7639849366435699,0
5438,-1.6190485679255664,-0.7328351249517819,0
5440,-2.1786078707803584,0.42753861769857754,0
5441,-1.3242483930833158,-0.7099310080515342,0
5444,-3.195523768711922,-0.7898985383490092,0
5445,-1.3059889657201138,0.5140916249798677,0
5446,-1.3974239233075634,0.14192677752424354,0
5447,-2.937207989103002,0.7732015739321171,0
5450,-3.7196106279651775,-1.0755381745994692,0
5451,-2.0437655308239626,-1.3690458863943786,0
5452,-1.1224546206419896,0.8710304095328238,0
5453,-2.1041636467089764,-1.0537474418874502,0
5454,-1.9794823941441224,1.1731353822086978,0
5455,-1.6874245151388172,-0.012285689298586394,0
5459,-2.464099780349616,-0.09042956664958238,0
5462,-2.253189795011173,0.7306039286157806,0
5464,-3.278929641740132,0.20263209500670146,0
5465,-1.812219348396131,0.5257631904312443,0
5467,-2.1021801591434732,0.3411136622628373,0
5468,-1.2084873540401573,0.4486450720967725,0
5469,-2.2649582363579577,-0.5629723972842582,0
5471,-2.907114190455154,0.9671008805941198,0
5473,-4.849826400879432,0.48671623521238905,0
5475,-1.2829956861678773,0.7644110756108446,0
5477,-2.1340283189857527,-0.8977034759387535,0
5479,-1.9077106266368211,-1.2750063003392909,0
5480,-2.3444387455730027,-2.00434912619027,0
5481,-2.346813348495084,0.07418760114405792,0
5482,-1.6337829634739478,0.8957573904263035,0
5483,-1.9374513777630449,-0.4953583732764056,0
5486,-1.3792207143972914,-0.5159793054567715,0
5487,-1.5742856225747388,0.7077676088416931,0
5488,-1.4137634167254227,0.5292801631473837,0
5490,-2.281917294329659,-0.12414989786765622,0
5493,-1.2479702484714457,0.8611758945582636,0
5498,-2.3965797521200787,0.2099824500103177,0
5503,-1.6519216201514244,0.8371053474411834,0
5507,-1.5095369485890913,0.79733677173706,0
5508,-2.882461633770286,-0.32868495817165466,0
5509,-2.6394331966333953,0.03804038186269737,0
5510,-1.9968989715874317,-0.6482768805184113,0
5514,-1.8922754906338424,1.287617683063944,0
5515,-3.5334206957882994,0.06718399559639628,0
5516,-1.6323017654002183,-0.9969123192207447,0
5518,-2.6308178934461623,0.22735268715894424,0
5520,-1.2211750296099484,-0.01398157373084919,0
5521,-2.9026547683388717,-0.2666387211690601,0
5526,-3.06881216467714,-0.6174497136346423,0
5527,-1.6670078016464116,0.003397532469790986,0
5530,-1.7043888365497608,-0.9391358861085168,0
5533,-3.6738309496632797,0.9209800015692949,0
5537,-2.7188080029027746,-0.8397195808873373,0
5540,-1.5555103317387364,-0.7811333385647347,0
5541,-1.9819947474202315,1.8027323441114609,0
5547,-2.5896890222091202,-0.08759251673185602,0
5550,-2.418290289098332,1.1414262378242797,0
5551,-1.7616639301970012,-1.214167171394827,0
5552,-1.4848283585520252,0.19664448761796494,0
5553,-3.1063409850702106,0.3066399254127781,0
5554,-1.214249667359797,0.7982526233977082,0
5556,-1.9017249057859227,1.1814313859556789,0
5559,-2.982138887753939,-0.36024216524235403,0
5561,-1.196225301264317,-0.8234053097384966,0
5562,-1.491866599454343,-0.2350085304750465,0
5563,-3.438002092502994,0.18325822906199962,0
5566,-2.8949403245739025,0.24944282754958974,0
5569,-3.252656708645881,1.218142481835651,0
5571,-2.5190167169077324,1.658919713823999,0
5572,-3.4753013965658477,-0.3442006582396098,0
5574,-1.4926502149088827,0.31339981652609666,0
5575,-2.4298408469498582,-0.5751603941221695,0
5578,-3.045348974113588,0.14915445146462666,0
5579,-1.8922184106318958,-0.6766252190190812,0
5581,-3.2707690541145182,0.005817469763274949,0
5582,-1.6255497042714746,-0.563464493304581,0
5589,-1.1908465494252878,-1.0160721157123074,0
5591,-1.860193476360323,0.8041083560132672,0
5595,-2.448769893096047,0.6891137942397231,0
5600,-2.0396389276344826,-1.3201876593004525,0
5605,-1.1207480254592272,0.8019891509923942,0
5607,-1.5515989411602689,1.5030994173047751,0
5608,-1.5615147302258408,-0.34030755120274375,0
5610,-1.2036393555370108,0.7933337542289022,0
5611,-4.268247688024497,-0.9309530022848218,0
5612,-2.4772865092680507,0.5243272362043232,0
5613,-2.4560775977128895,-0.5186588568553485,0
5614,-3.1083185413157133,1.1383167411618147,0
5618,-2.0134209923951327,-1.0606576029445065,0
5621,-3.3377248366938717,-0.34027756744735477,0
5622,-2.8210620243043008,-1.1053498213200974,0
5625,-3.001875770280636,0.46327266769288883,0
5627,-2.8579303612863027,-0.7772193126203727,0
5628,-1.2213033645814833,0.09952017371628714,0
5629,-2.1401637904385127,-0.8712770888804673,0
5630,-2.1982835533441,-0.455096276097821,0
5631,-1.491369938773937,0.824279066812918,0
5632,-2.864076879529439,0.2520918787496678,0
5635,-2.8873809066810536,-0.31355921237245965,0
5636,-4.244596648849843,-1.3407280337364529,0
5637,-4.221932159242331,-0.530629194640898,0
5639,-3.624279129799041,-0.45924263336553584,0
5641,-2.2913355611544826,0.39038334570560995,0
5642,-2.798064362359158,-0.6732174291871779,0
5647,-3.8304048487808355,-0.7322607002526468,0
5648,-3.7573574856756364,1.5912104617147567,0
5650,-2.1153526981947697,-0.55937625287524,0
5654,-3.1227486662283677,-0.14016962715518408,0
5657,-1.1774674821700257,1.657137275330083,0
5658,-1.1216968217467977,-0.7842637619437445,0
5659,-1.7002482660811007,0.08768792364409599,0
5665,-5.295588343721095,-0.5269336922131677,0
5667,-2.204391895568264,0.40999135519016117,0
5669,-3.047136069050823,-0.14791511718471848,0
5670,-1.9270471523671155,-0.17093395310021217,0
5671,-1.9501687663918308,0.8368772016187834,0
5672,-1.9174905619250981,1.0888314637855552,0
5678,-1.9161346155109147,-0.631622676190692,0
5680,-2.2364921452562476,-1.0979701517447555,0
5681,-2.100225663319835,-0.7451767523130188,0
5682,-1.1276841728573859,-0.23619006570294637,0
5684,-2.078040298251989,-0.8473860184371441,0
5685,-1.5558722868922816,-0.6274861996232073,0
5686,-3.3175995584003664,-1.3168285574967968,0
5687,-1.2045567266887705,0.05829627956021762,0
5692,-3.207939263521121,0.875159386793778,0
5693,-2.543890938920301,0.9661665345221023,0
5696,-2.1479922989295197,0.14751456525559245,0
5698,-2.878292238066522,-1.0282967795626157,0
5699,-2.801915074632503,0.08453695127675827,0
5700,-1.2251318976056491,-1.2141711229609142,0
5702,-2.6218289701523876,-0.9110450774070875,0
5703,-1.5813561555067046,-0.5014648094555288,0
5708,-2.482060968229076,-0.7832016509021136,0
5709,-2.3741178620789722,-0.40293425504143376,0
5710,-2.507366125833944,0.6667421007688343,0
5717,-1.143383441609818,-0.3918355056788098,0
5724,-1.9483139315082827,-0.613620723984243,0
5725,-4.098573279515562,0.3565463338464025,0
5726,-1.4993336297532371,-0.7240371950023021,0
5727,-3.0831971338028703,1.1890285999139871,0
5728,-1.894192684587465,-0.8462123913337221,0
5729,-1.876451261237824,0.9398635782052573,0
5731,-1.7702980639391854,-0.36757520506240215,0
5735,-1.680124166394725,-0.5119559966401943,0
5736,-1.6556435634518991,0.33577517722632194,0
5737,-1.0617210613752495,-1.4221759792210407,0
5738,-2.4140624866699008,-0.7092588405640706,0
5740,-1.6997159161873128,0.6078575580917097,0
5741,-1.0895878542569768,0.5602703941323947,0
5743,-1.5456218253558671,-1.3527609492969004,0
5747,-2.5144737954430587,0.47633159481424536,0
5749,-1.213908301357479,1.0636249003800673,0
5750,-2.2746660010942064,-0.5322315172549629,0
5751,-3.4976825755981156,-0.5654288649902497,0
5752,-3.533498304801148,-0.6760546886380443,0
5753,-3.431310876487504,-0.7623423336806883,0
5754,-2.5067287226987385,-0.9987708830356428,0
5755,-2.1028493786282363,-1.23803947735885,0
5759,-2.1544218843922187,0.8386478917893936,0
5761,-1.2333288443180301,-0.414563283780185,0
5762,-1.5130294451590476,1.020599421638279,0
5763,-1.460402003579066,-0.6650957187698308,0
5764,-1.8729530991667698,0.038937897732300046,0
5765,-1.4964776393757198,0.5981857906752719,0
5767,-2.490485206448458,1.3489233336668744,0
5769,-1.5175691232302373,-0.5438325970473,0
5773,-1.2754546340923314,0.6420327526858582,0
5774,-1.733134748350856,-1.1722908627561406,0
5775,-1.6124008734556587,1.1880369812148164,0
5777,-2.9249017378331654,0.3908831120221299,0
5778,-3.144830742860506,-0.6262369259897402,0
5782,-3.2372955824465066,1.4045008956717715,0
5783,-0.9516740878304754,-1.5696384842873883,0
5785,-1.0304740116633102,0.014070939937569627,0
5787,-1.1854055274641393,-0.05173721174666566,0
5788,-1.1854055274641393,-0.05173721174666566,0
5789,-1.2676258097480224,0.09954082145935655,0
5791,-2.302296231902094,-1.0920945697379918,0
5794,-1.2105394072895894,0.6134805606660247,0
5795,-1.6593177478749075,-0.8937266600568157,0
5796,-2.9656517364012602,1.2705630256678342,0
5797,-3.019053009819243,0.18270252015685998,0
5798,-2.2510025820319957,1.0748093063890334,0
5800,-2.9446741713654716,1.1047196838263604,0
5805,-1.457602968462835,1.279370852581424,0
5807,-1.6428294347618704,0.8304589019873113,0
5810,-2.449393259405411,-0.6439152266607067,0
5811,-3.247961924553285,1.5339643489397146,0
5812,-3.042234701106224,1.0909928291992976,0
5815,-1.2646545509988125,0.13167500487122602,0
5817,-1.4613902438178463,0.01937091504946062,0
5820,-2.6033828261689016,-0.7202617540921381,0
5823,-1.3600356418181445,2.4225910775203867,0
5824,-2.441921498988087,-1.2074392928787878,0
5825,-2.890459046017507,0.12174990311907964,0
5828,-2.5708566421680596,-0.7029301142194766,0
5829,-2.654630475996847,-1.0621322587632602,0
5830,-1.6991953624148066,0.5509228883112637,0
5831,-1.4354984438239278,1.652877134251006,0
5832,-2.070282448915395,1.483515811044547,0
5833,-2.5383325558686987,-0.843347346821139,0
5834,-1.6178200500478157,0.41883818887549235,0
5835,-1.88277600589004,-0.5107315499093824,0
5836,-1.7963026566506208,-0.10824311852222185,0
5839,-1.7854463646799545,1.1983501657339588,0
5842,-2.4046095303733535,0.7968791903787149,0
5849,-3.769219938773128,-0.8262582718299041,0
5854,-1.2053217921586585,1.099539211992096,0
5855,-2.148931132245708,1.9041231539429675,0
